pali_text,langfuse_item_id,ref_viet_modern,ref_viet_thichminhchau,theme,source,trans_GPT-OSS-20B,judge_GPT-OSS-20B,trans_GPT-OSS-120b,judge_GPT-OSS-120b,trans_Llama-3.1-8b,judge_Llama-3.1-8b,trans_Llama-3.3-70B,judge_Llama-3.3-70B,trans_Llama-4-Maverick-17B,judge_Llama-4-Maverick-17B,trans_Kimi-K2,judge_Kimi-K2,trans_Qwen3-32B,judge_Qwen3-32B,trans_Gemini-3-Flash,judge_Gemini-3-Flash
"Appampi ce sahitaṃ bhāsamāno, dhammassa hoti anudhammacārī; Rāgañca dosañca pahāya mohaṃ, sammappajāno suvimuttacitto; Anupādiyāno idha vā huraṃ vā, sa bhāgavā sāmaññassa hoti.",43b664d6-554f-4d14-9591-bd70c9e2c594,"Dù đọc tụng ít kinh điển nhưng sống đúng theo chánh pháp, từ bỏ tham lam, sân hận và si mê, có trí tuệ và tâm tự do giải thoát, không dính mắc vào đời này hay đời sau, người ấy thực sự hưởng phần lợi ích của người tu.","Dầu nói ít kinh điển, Nhưng hành pháp, tùy pháp, Từ bỏ tham, sân, si, Tỉnh giác, tâm giải thoát, Không chấp thủ hai đời, Dự phần Sa môn hạnh.",Practice (True),Dhammapada 20 / Udanavarga 4.23,"{""item"":1,""translation"":""Nếu một người nói cùng nhau, anh ta sẽ trở thành người không làm điều sai trái của pháp; Đam mê và khổ đau loại bỏ sự mê muội, người có tâm thanh tịnh, bình an; Nếu không làm điều gì ở đây hay ở đâu, anh ấy sẽ là người có hạnh phúc trong cộng đồng.""}","{""accuracy"": 1, ""fluency"": 1, ""explanation"": ""Completely mistranslates 'sahita\u1e43' (texts) as 'n\u00f3i c\u00f9ng nhau' (speaking together). 'Sammappaj\u0101no' (clear comprehension) is ignored. The logic is nonsensical in Vietnamese.""}","{""item"":1,""translation"":""Khi người nói chung cùng nhau, người ấy trở thành người đi theo Dhamma; loại bỏ rạ̀c, sân và mê; người thông thái, tâm trí đã giải thoát hoàn toàn; không bám víu ở đây hay ở nơi nào, người ấy được ban phước, là một tăng.""}","{""accuracy"": 2, ""fluency"": 1, ""explanation"": ""Mistranslates 'sahita\u1e43' (scripture) as 'n\u00f3i chung' (speaking together) and 'r\u0101ga' (lust/attachment) as 'r\u1ea1\u0300c' (nonsensical/typo). Register is non-native/machine-like.""}","Khi người khác có nhiều thứ, nhưng không có nhân đức, họ không có nhân đức; Khi người khác loại bỏ tham sân si, họ có nhân đức; Khi người khác không có tham sân si, họ có nhân đức; Người đó là một người có nhân đức trong hàng tăng.","{""accuracy"": 2, ""fluency"": 2, ""explanation"": ""Mistranslates 'anudhammac\u0101r\u012b' (living according to Dharma) as 'nh\u00e2n \u0111\u1ee9c' (virtue/humanity). Repeats phrases redundantly and misses the core of the verse regarding liberation and non-attachment.""}","Dù nói ít hay nhiều, người nào sống theo pháp, từ bỏ tham, sân, si, biết rõ mọi sự, tâm được giải thoát; không bám víu vào đời này hay đời sau, người đó là bậc Thánh của hàng Sa-môn.","{""accuracy"": 4, ""fluency"": 3, ""explanation"": ""Translates 's\u0101ma\u00f1\u00f1assa' as 'b\u1eadc Th\u00e1nh c\u1ee7a h\u00e0ng Sa-m\u00f4n' which is slightly exaggerated compared to 'l\u1ee3i \u00edch c\u1ee7a sa m\u00f4n qu\u1ea3', but conceptually close. Fluency is stilted compared to standard sutra register.""}","Dù có nói nhiều đi nữa, người không thực hành theo lời nói, thì không phải là người thực hành đúng pháp; người bỏ được tham, sân, si, có chánh trí tuệ, tâm được giải thoát hoàn toàn, không còn chấp trước ở đây hay ở kia, mới thật sự là người xứng đáng với sự tu hành.","{""accuracy"": 4, ""fluency"": 4, ""explanation"": ""Correctly identifies 'sahita\u1e43' as words/speech (unlike the reference which assumes 'sutra'), uses proper terms like 'ch\u00e1nh tr\u00ed tu\u1ec7' and 'ch\u1ea5p tr\u01b0\u1edbc'.""}","Dù chỉ nói ít lời Kinh, nhưng hành theo chánh pháp, bỏ tham sân si, trí tuệ chân chánh, tâm giải thoát, không chấp thủ đời này hay đời sau, người ấy thật sự là bậc Thánh, xứng đáng với giáo pháp Sa-môn.","{""accuracy"": 4, ""fluency"": 4, ""explanation"": ""Strong accuracy with terms like 'ch\u1ea5p th\u1ee7' (up\u0101diy\u0101no). 'Th\u1eadt s\u1ef1 l\u00e0 b\u1eadc Th\u00e1nh' is a slight interpretive stretch for 'bh\u0101gav\u0101' in this context, but maintains doctrinal sense.""}","Người nào nói năng hòa hợp, đó là người theo đúng Pháp; bỏ tham dục, sân hận, si mê, người có trí tuệ sáng suốt, tâm giải thoát.","{""accuracy"": 3, ""fluency"": 3, ""explanation"": ""Correctly identifies the abandonment of the three poisons (tham, s\u00e2n, si), but mistranslates 'sahita\u1e43 bh\u0101sam\u0101no' (reciting/reading texts) as 'n\u00f3i n\u0103ng h\u00f2a h\u1ee3p' (harmonious speech).""}","Dẫu nói ít kinh điển, nhưng sống đúng Chánh pháp, từ bỏ tham, sân, si, có trí tuệ sáng suốt, tâm giải thoát tự tại, không chấp thủ đời này hay đời sau, vị ấy thực sự hưởng quả hạnh của Sa-môn.","{""accuracy"": 5, ""fluency"": 5, ""explanation"": ""Excellent use of Buddhist terminology such as 'Ch\u00e1nh ph\u00e1p', 'ch\u1ea5p th\u1ee7', and 'Sa-m\u00f4n'. It captures the nuance of 'sammappaj\u0101no' and 'suvimuttacitto' perfectly.""}"
"Bahumpi ce sahitaṃ bhāsamāno, na takkaro hoti naro pamatto; Gopova gāvo gaṇayaṃ paresaṃ, na bhāgavā sāmaññassa hoti.",26eed6a1-8c00-4015-a6eb-98a38747600e,"Dù có tụng đọc nhiều kinh điển nhưng buông thả không thực hành, thì cũng chỉ như kẻ chăn bò thuê đếm bò cho người khác, chẳng được hưởng phần lợi ích của người tu.","Nếu người nói nhiều kinh, Không hành trì, phóng dật. Như kẻ chăn bò người, Không phần Sa môn hạnh.",Practice vs Speech,Dhammapada 19 / Udanavarga 4.22,"{""item"":2,""translation"":""Nếu một người nói cùng nhau, anh ta sẽ không trở thành người hư hỏng; Ngựa, gia súc, đàn gia súc, anh ta sẽ không là người có hạnh phúc trong cộng đồng.""}","{""accuracy"": 1, ""fluency"": 1, ""explanation"": ""Fails to identify the cowherd metaphor ('Gopova g\u0101vo'). Translates 'sahita\u1e43' incorrectly and fabricates 'ng\u1ef1a' (horse) from 'g\u0101vo' (cows).""}","{""item"":2,""translation"":""Dù có nhiều người nói chung, nếu người không kiềm chế, không phải là một tăng thật; như người chăn trâu đếm bò của người khác, không được ban phước cho tăng.""}","{""accuracy"": 2, ""fluency"": 1, ""explanation"": ""Incorrectly interprets 'sahita\u1e43' as 'nhi\u1ec1u ng\u01b0\u1eddi n\u00f3i chung'. Fails to capture the 'herdsman counting cows' analogy clearly in Vietnamese grammar. 'Ban ph\u01b0\u1edbc cho t\u0103ng' is doctrinally imprecise.""}","Khi người khác có nhiều thứ, nhưng không có nhân đức, họ không có nhân đức; Họ chỉ biết chăm sóc bò, gà và gia súc của người khác, không có nhân đức trong hàng tăng.","{""accuracy"": 2, ""fluency"": 2, ""explanation"": ""Fails to capture the 'herdsman' (gopa) analogy correctly, merely listing animals. Uses 'nh\u00e2n \u0111\u1ee9c' as a generic filler for specific Pali concepts.""}","Dù nói nhiều hay ít, người nào không phải là một nhà tư duy sâu sắc, lười biếng, không phải là bậc Thánh của hàng Sa-môn; giống như người chăn bò không biết đếm bò của người khác.","{""accuracy"": 2, ""fluency"": 2, ""explanation"": ""Major inaccuracies: 'takkaro' (doer) is mistranslated as 'nh\u00e0 t\u01b0 duy s\u00e2u s\u1eafc'. The cowherd metaphor is butchered: 'kh\u00f4ng bi\u1ebft \u0111\u1ebfm b\u00f2 c\u1ee7a ng\u01b0\u1eddi kh\u00e1c' misses the point that he counts cows for others but doesn't own them.""}","Dù có nói nhiều đi nữa, người không làm được, là người lười biếng, không phải là người tu hành; như người chăn bò đếm bò cho người khác, không phải là người tu hành chân chính.","{""accuracy"": 3, ""fluency"": 3, ""explanation"": ""The term 'l\u01b0\u1eddi bi\u1ebfng' for 'pamatto' (negligent/heedless) is a bit loose; 'kh\u00f4ng ph\u1ea3i l\u00e0 ng\u01b0\u1eddi tu h\u00e0nh ch\u00e2n ch\u00ednh' is an expansion of 'na bh\u0101gav\u0101 s\u0101ma\u00f1\u00f1assa'.""}","Dù thuộc nhiều Kinh điển, nếu không thực hành, phóng túng, như người chăn bò đếm bò người khác, không phải là bậc xứng đáng với giáo pháp Sa-môn.","{""accuracy"": 4, ""fluency"": 4, ""explanation"": ""Accurate rendering of the 'cowherd' metaphor. 'Ph\u00f3ng t\u00fang' is a good fit for 'pamatto'. Register is appropriate for Buddhist literature.""}","Người nào nói năng bất hòa, kẻ vô trí không chú ý; như con bò trong đàn bò của người khác, người đó không phải là người theo đạo.","{""accuracy"": 2, ""fluency"": 2, ""explanation"": ""Significant errors. Mistranslates 'sahita\u1e43 bh\u0101sam\u0101no' as 'n\u00f3i n\u0103ng b\u1ea5t h\u00f2a' and 'g\u0101vo ga\u1e47aya\u1e43' (counting cows) as 'con b\u00f2 trong \u0111\u00e0n b\u00f2'. Misses the core metaphor of the cowherd.""}","Dẫu nói nhiều kinh điển, nhưng không thực hành theo, là người phóng dật; giống như kẻ chăn bò đếm bò cho người khác, người ấy không được hưởng quả hạnh của Sa-môn.","{""accuracy"": 5, ""fluency"": 5, ""explanation"": ""Precisely translates 'pamatto' as 'ph\u00f3ng d\u1eadt' and 's\u0101ma\u00f1\u00f1assa' as 'h\u1ea1nh Sa-m\u00f4n', maintaining a high sutra register.""}"
"Idha nandati pecca nandati, katapuñño ubhayattha nandati; Puññaṃ me katanti nandati, bhiyyo nandati suggatiṃ gato.",86a785b2-42c6-40aa-838e-f268db3d29b7,"Đời này sung sướng, đời sau cũng sung sướng, người làm phước hưởng phúc cả hai nơi. Người ấy mừng rằng: ""Ta đã làm điều thiện"", và càng hạnh phúc hơn khi sinh về cõi lành.","Nay sướng, đời sau sướng, Làm phước, hai đời sướng. Mừng rằng: ""Ta làm thiện"", Sanh cõi lành, sướng hơn.",Rejoicing,Dhammapada 18 / No Parallel,"{""item"":3,""translation"":""Ở đây, người vui mừng, người vui mừng; Người làm công đức, cả hai đều vui mừng; Người làm công đức, anh ta vui mừng, anh ta đã đạt được sự thật.""}","{""accuracy"": 2, ""fluency"": 2, ""explanation"": ""Misses the specific meaning of 'pecca' (after death/hereafter) and 'suggati\u1e43' (happy realm). '\u0110\u1ea1t \u0111\u01b0\u1ee3c s\u1ef1 th\u1eadt' is a hallucination of 'suggati\u1e43'.""}","{""item"":3,""translation"":""Ở đây vui mừng, ở kia vui mừng, người đã làm công đức vui mừng ở cả hai nơi; những người làm công đức vui mừng, sau này còn vui mừng khi đã đạt tới nơi tốt.""}","{""accuracy"": 4, ""fluency"": 3, ""explanation"": ""Accurate semantic meaning, but 'n\u01a1i t\u1ed1t' is a colloquialism for 'suggati' (c\u00f5i l\u00e0nh/thi\u00ean gi\u1edbi) and lacks the formal 'v\u0103n kinh' register.""}","Người đó vui vẻ ở đây và ở kia, người đó vui vẻ ở đây và ở kia, người đó vui vẻ ở đây và ở kia; Người đó vui vẻ ở đây và ở kia, người đó vui vẻ ở kia, người đó vui vẻ ở kia.","{""accuracy"": 1, ""fluency"": 1, ""explanation"": ""Extreme repetition of 'vui v\u1ebb \u1edf \u0111\u00e2y v\u00e0 \u1edf kia' (happy here and there). Completely fails to translate the specific context of 'katapu\u00f1\u00f1o' (one who has done merit) or 'suggati\u1e43 gato' (gone to a good state).""}","Người làm phúc ở đây vui, và sau khi chết cũng vui; khi nghĩ rằng: ""Tôi đã làm phúc"", người đó vui, và khi lên cõi thiện giới, sự vui của người đó tăng lên.","{""accuracy"": 4, ""fluency"": 3, ""explanation"": ""Accurate meaning, but the register is modern/colloquial ('T\u00f4i \u0111\u00e3 l\u00e0m ph\u00fac'). Uses 'thi\u1ec7n gi\u1edbi' instead of more traditional 'c\u00f5i l\u00e0nh' or 'thi\u00ean gi\u1edbi'.""}","Người làm điều thiện, ở đây vui mừng, sau khi chết cũng vui mừng; cả hai nơi đều vui mừng, làm được điều thiện nên vui mừng, càng vui mừng hơn khi được sanh về cõi lành.","{""accuracy"": 5, ""fluency"": 4, ""explanation"": ""Accurate and flows well. Uses 'sanh v\u1ec1 c\u00f5i l\u00e0nh' for 'suggati\u1e43 gato' which is standard Buddhist register.""}","Ở đời này vui, sau khi chết cũng vui, người đã làm phước vui cả hai nơi; vui vì 'ta đã làm phước', càng vui hơn khi được sinh lên cõi lành.","{""accuracy"": 5, ""fluency"": 4, ""explanation"": ""Faithful to the Pali structure. Uses 'c\u00f5i l\u00e0nh' for 'suggati\u1e43'. The directness matches the Dhammapada style well.""}","Ở đây vui vẻ, sau này vui vẻ, người làm phước ở cả hai đời đều vui vẻ; người ấy vui vì đã làm phước, vui hơn khi đi đến cõi tốt.","{""accuracy"": 4, ""fluency"": 3, ""explanation"": ""Accurate semantic meaning, but the phrasing 'sau n\u00e0y vui v\u1ebb' and 'c\u00f5i t\u1ed1t' lacks the traditional Buddhist register of '\u0111\u1eddi sau' and 'c\u00f5i l\u00e0nh' or 'sanh thi\u00ean'.""}","Nay vui, đời sau vui, người làm phước vui cả hai nơi. Nghĩ rằng 'Ta đã làm phước' nên vui, khi đi vào cõi lành, vị ấy càng vui hơn nữa.","{""accuracy"": 4, ""fluency"": 4, ""explanation"": ""Accurate, but '\u0111i v\u00e0o c\u00f5i l\u00e0nh' is slightly less formal than 'sanh v\u1ec1 c\u00f5i l\u00e0nh'. The flow is natural.""}"
"Idha tappati pecca tappati, pāpakārī ubhayattha tappati; Pāpaṃ me katanti tappati, bhiyyo tappati duggatiṃ gato.",5912b8c7-5d58-4fd8-a196-bae901cbed16,"Đời này than van, đời sau cũng than van, kẻ làm ác chịu khổ cả hai nơi. Hắn than: ""Ta đã làm điều ác"", và càng khổ hơn khi bị đọa vào cõi dữ.","Nay than, đời sau than, Kẻ ác, hai đời than. Nó than: ""Ta làm ác"", Ðọa cõi dữ, than hơn.",Remorse,Dhammapada 17 / No Parallel,"{""item"":4,""translation"":""Ở đây, người phạm lỗi, người phạm lỗi; Người làm tội ác, cả hai đều phạm lỗi; Người làm tội ác, anh ta phạm lỗi, anh ta đã đạt được sự sai lầm.""}","{""accuracy"": 2, ""fluency"": 2, ""explanation"": ""Correctly identifies suffering/crime context but fails on 'pecca' and 'duggati\u1e43'. '\u0110\u1ea1t \u0111\u01b0\u1ee3c s\u1ef1 sai l\u1ea7m' is an incorrect rendering of going to a woeful state.""}","{""item"":4,""translation"":""Ở đây khổ, ở kia khổ, người làm ác khổ ở cả hai nơi; những kẻ làm ác khổ, sau này còn khổ khi đã đến địa ngục.""}","{""accuracy"": 4, ""fluency"": 3, ""explanation"": ""Correct meaning. '\u0110\u1ecba ng\u1ee5c' is a specific translation for 'duggati' (evil states), which is acceptable but less precise than 'c\u00f5i d\u1eef/\u00e1c \u0111\u1ea1o'.""}","Người đó đau khổ ở đây và ở kia, người đó đau khổ ở đây và ở kia, người đó đau khổ ở đây và ở kia; Người đó đau khổ ở đây và ở kia, người đó đau khổ ở kia, người đó đau khổ ở kia.","{""accuracy"": 1, ""fluency"": 1, ""explanation"": ""Repetitive and lacks the nuance of 'p\u0101pak\u0101r\u012b' (evil-doer) and 'duggati\u1e43' (woeful state). The structure is unnatural and loses the verse's meaning.""}","Người làm ác ở đây đau khổ, và sau khi chết cũng đau khổ; khi nghĩ rằng: ""Tôi đã làm ác"", người đó đau khổ, và khi xuống cõi恶 giới, sự đau khổ của người đó tăng lên.","{""accuracy"": 3, ""fluency"": 2, ""explanation"": ""Contains a non-standard character '\u6076' (Chinese) instead of Vietnamese '\u00e1c'. Register is flat and lacks the gravity of 'duggati' (c\u00f5i d\u1eef/\u00e1c \u0111\u1ea1o).""}","Người làm điều ác, ở đây đau khổ, sau khi chết cũng đau khổ; cả hai nơi đều đau khổ, làm được điều ác nên đau khổ, càng đau khổ hơn khi bị sanh vào cõi khổ.","{""accuracy"": 5, ""fluency"": 4, ""explanation"": ""Matches the previous item's quality. Correctly uses 'sanh v\u00e0o c\u00f5i kh\u1ed5' for 'duggati\u1e43 gato'.""}","Ở đời này hối hận, sau khi chết cũng hối hận, kẻ làm ác khổ cả hai nơi; hối hận vì 'ta đã làm điều ác', càng khổ hơn khi bị đọa vào cõi dữ.","{""accuracy"": 4, ""fluency"": 4, ""explanation"": ""The candidate uses 'h\u1ed1i h\u1eadn' (regret) for 'tappati' (suffering/burning). While 'kh\u1ed5' or '\u0103n n\u0103n' are more common, it captures the psychological state accurately.""}","Ở đây đau khổ, sau này đau khổ, kẻ làm ác ở cả hai đời đều đau khổ; người ấy đau vì đã làm ác, đau hơn khi đi đến cõi dữ.","{""accuracy"": 4, ""fluency"": 3, ""explanation"": ""Accurate, but '\u0111au' is a bit colloquial for 'tappati' (tormented/burning) in a sutra context compared to 'kh\u1ed5' or 'than van'.""}","Nay khổ, đời sau khổ, kẻ làm ác khổ cả hai nơi. Nghĩ rằng 'Ta đã làm ác' nên khổ, khi đi vào cõi dữ, kẻ ấy càng khổ hơn nữa.","{""accuracy"": 4, ""fluency"": 4, ""explanation"": ""Matches the previous item in structure. 'Kh\u1ed5' is an accurate translation of 'tappati' in this context.""}"
"Idha modati pecca modati, katapuñño ubhayattha modati; So modati so pamodati, disvā kammavisuddhimattano.",28a054b8-bbb8-4573-96e4-8d2883c234e1,"Đời này vui, đời sau cũng vui, người làm phước hưởng vui cả hai nơi. Người ấy an vui và hân hoan khi nhìn thấy những hành động thanh tịnh của chính mình.","Nay vui, đời sau vui, Làm phước, hai đời vui. Nó vui, nó an vui, Thấy nghiệp tịnh mình làm.",Joy (Good),Dhammapada 16 / Udanavarga 9.6,"{""item"":5,""translation"":""Ở đây, người thích, người thích; Người làm công đức, cả hai đều thích; Người thích, anh ta thích, anh ta đã thấy công việc sạch sẽ.""}","{""accuracy"": 2, ""fluency"": 2, ""explanation"": ""Translates 'modati' as 'th\u00edch' (like/prefer) which lacks the spiritual joy implied. 'C\u00f4ng vi\u1ec7c s\u1ea1ch s\u1ebd' is a crude translation of 'kammavisuddhimattano' (purity of one's own deeds).""}","{""item"":5,""translation"":""Ở đây hân hoan, ở kia hân hoan, người đã làm công đức hân hoan ở cả hai; người ấy hân hoan, thấy mình đã thanh tịnh nghiệp.""}","{""accuracy"": 4, ""fluency"": 3, ""explanation"": ""Accurate terminology ('thanh t\u1ecbnh nghi\u1ec7p'), but phrasing is somewhat modern and clipped compared to traditional sutra style.""}","Người đó vui vẻ ở đây và ở kia, người đó vui vẻ ở đây và ở kia, người đó vui vẻ ở đây và ở kia; Người đó vui vẻ ở đây và ở kia, người đó vui vẻ ở kia, người đó vui vẻ ở kia.","{""accuracy"": 1, ""fluency"": 1, ""explanation"": ""Identical failure to Item 3. Ignores 'kammavisuddhimattano' (purity of own deeds), replacing it with meaningless repetition.""}","Người làm phúc ở đây vui, và sau khi chết cũng vui; người đó vui và hoan hỷ, khi thấy được sự thanh tịnh của nghiệp mình.","{""accuracy"": 4, ""fluency"": 3, ""explanation"": ""Correct terminology ('thanh t\u1ecbnh c\u1ee7a nghi\u1ec7p'). Fluency is acceptable but repetitive and lacks the rhythmic flow of liturgical Vietnamese.""}","Người làm điều thiện, ở đây hoan hỷ, sau khi chết cũng hoan hỷ; cả hai nơi đều hoan hỷ, thấy được sự thanh tịnh của hành động mình, nên hoan hỷ, càng hoan hỷ hơn.","{""accuracy"": 4, ""fluency"": 4, ""explanation"": ""Uses 'hoan h\u1ef7' for 'modati', which is very appropriate for Buddhist register. The repetition at the end is slightly stilted but accurate.""}","Ở đời này hoan hỷ, sau khi chết cũng hoan hỷ, người đã làm phước hoan hỷ cả hai nơi; người ấy hoan hỷ, thỏa thích, thấy rõ nghiệp thanh tịnh của mình.","{""accuracy"": 5, ""fluency"": 4, ""explanation"": ""Uses 'hoan h\u1ef7' for 'modati' and 'nghi\u1ec7p thanh t\u1ecbnh' for 'kammavisuddhimattano', which are precise technical terms.""}","Ở đây hoan hỷ, sau này hoan hỷ, người làm phước ở cả hai đời đều hoan hỷ; người ấy hoan hỷ, người ấy vui vẻ, thấy quả lành của chính mình.","{""accuracy"": 4, ""fluency"": 4, ""explanation"": ""Good use of 'hoan h\u1ef7'. However, 'qu\u1ea3 l\u00e0nh' is a slight interpretation of 'kammavisuddhimattano' (purity of one's own actions), though doctrinally acceptable.""}","Nay hân hoan, đời sau hân hoan, người làm phước hân hoan cả hai nơi. Vị ấy hân hoan, vị ấy hạnh phúc khi thấy nghiệp thanh tịnh của chính mình.","{""accuracy"": 5, ""fluency"": 4, ""explanation"": ""Good use of 'h\u00e2n hoan' (modati) and 'nghi\u1ec7p thanh t\u1ecbnh' (kammavisuddhi). Very accurate to the Pali source.""}"
"Idha socati pecca socati, pāpakārī ubhayattha socati; So socati so vihaññati, disvā kammakiliṭṭhamattano.",cb6ff4db-b9ac-4870-8fcf-4afdfc0e1e17,"Đời này buồn khổ, đời sau cũng buồn khổ, kẻ làm ác chịu khổ cả hai nơi. Người ấy than khóc và ưu phiền khi nhìn thấy những hành động ô uế của chính mình.","Nay sầu, đời sau sầu, Kẻ ác, hai đời sầu. Nó sầu, nó ưu não, Thấy nghiệp uế mình làm.",Grief (Evil),Dhammapada 15 / Udanavarga 9.5,"{""item"":6,""translation"":""Ở đây, người suy nghĩ, người suy nghĩ; Người làm tội ác, cả hai đều suy nghĩ; Người suy nghĩ, anh ta suy nghĩ, anh ta đã thấy công việc lừa đảo.""}","{""accuracy"": 1, ""fluency"": 2, ""explanation"": ""Translates 'socati' (grieves) as 'suy ngh\u0129' (thinking). 'C\u00f4ng vi\u1ec7c l\u1eeba \u0111\u1ea3o' is a complete hallucination for 'kammakili\u1e6d\u1e6dhamattano' (soiled/corrupt deeds).""}","{""item"":6,""translation"":""Ở đây buồn, ở kia buồn, kẻ làm ác buồn ở cả hai; người ấy buồn, tuyệt vọng khi thấy mình đã làm nghiệp ô uế.""}","{""accuracy"": 4, ""fluency"": 3, ""explanation"": ""Captures the essence of 'socati' and 'viha\u00f1\u00f1ati', though 'bu\u1ed3n' is too colloquial for a sutra; 's\u1ea7u' or '\u01b0u phi\u1ec1n' would be better.""}","Người đó đau khổ ở đây và ở kia, người đó đau khổ ở đây và ở kia, người đó đau khổ ở đây và ở kia; Người đó đau khổ ở đây và ở kia, người đó đau khổ ở kia, người đó đau khổ ở kia.","{""accuracy"": 1, ""fluency"": 1, ""explanation"": ""Identical failure to Item 4. Ignores 'kammakili\u1e6d\u1e6dhamattano' (defilement of own deeds).""}","Người làm ác ở đây đau khổ, và sau khi chết cũng đau khổ; người đó đau khổ và sầu não, khi thấy được sự dơ bẩn của nghiệp mình.","{""accuracy"": 4, ""fluency"": 3, ""explanation"": ""Translates 'kammakili\u1e6d\u1e6dham' as 'd\u01a1 b\u1ea9n c\u1ee7a nghi\u1ec7p', which is accurate but lacks the elegance of '\u00f4 u\u1ebf' or 'nhi\u1ec5m \u00f4'.""}","Người làm điều ác, ở đây sầu khổ, sau khi chết cũng sầu khổ; cả hai nơi đều sầu khổ, thấy được sự ô nhiễm của hành động mình, nên sầu khổ, càng sầu khổ hơn.","{""accuracy"": 4, ""fluency"": 4, ""explanation"": ""Accurate translation of 'kammakili\u1e6d\u1e6dhamattano' as 's\u1ef1 \u00f4 nhi\u1ec5m c\u1ee7a h\u00e0nh \u0111\u1ed9ng m\u00ecnh'.""}","Ở đời này khóc than, sau khi chết cũng khóc than, kẻ làm ác khổ cả hai nơi; người ấy khóc than, đau khổ, thấy rõ nghiệp ô uế của mình.","{""accuracy"": 5, ""fluency"": 4, ""explanation"": ""Parallel to Item 5; 'nghi\u1ec7p \u00f4 u\u1ebf' is an accurate translation of 'kammakili\u1e6d\u1e6dha'.""}","Ở đây buồn khổ, sau này buồn khổ, kẻ làm ác ở cả hai đời đều buồn khổ; người ấy buồn, người ấy sầu, thấy quả dữ của chính mình.","{""accuracy"": 4, ""fluency"": 4, ""explanation"": ""Similar to item 5, 'qu\u1ea3 d\u1eef' replaces the literal 'kammakili\u1e6d\u1e6dha' (soiled/impure deeds), but the Vietnamese flows well.""}","Nay sầu muộn, đời sau sầu muộn, kẻ làm ác sầu muộn cả hai nơi. Kẻ ấy sầu muộn, kẻ ấy ưu phiền khi thấy nghiệp ô uế của chính mình.","{""accuracy"": 5, ""fluency"": 4, ""explanation"": ""Accurate rendering of 's\u1ea7u mu\u1ed9n' (socati) and '\u01b0u phi\u1ec1n' (viha\u00f1\u00f1ati). Captures the psychological weight of the verse.""}"
"Yathā agāraṃ suchannaṃ, vuṭṭhī na samativijjhati; Evaṃ subhāvitaṃ cittaṃ, rāgo na samativijjhati.",06722b3f-57ce-4221-ae57-8016f331cb4d,"Như mái nhà được lợp kỹ càng thì mưa không thể lọt vào. Cũng vậy, tâm được tu dưỡng khéo léo thì dục vọng không thể xâm nhập.","Như ngôi nhà khéo lợp, Mưa không xâm nhập vào. Cũng vậy tâm khéo tu, Tham dục không xâm nhập.",Mind (Guarded),Dhammapada 14 / Udanavarga 31.28,"{""item"":7,""translation"":""Như một đống cỏ khô, nó không bị cháy; Cũng như tâm hồn được trang bị, đam mê không bị cháy.""}","{""accuracy"": 1, ""fluency"": 1, ""explanation"": ""Gross error: 'ag\u0101ra\u1e43' (house) translated as '\u0111\u1ed1ng c\u1ecf kh\u00f4' (haystack). 'Vu\u1e6d\u1e6dh\u012b' (rain) translated as 'b\u1ecb ch\u00e1y' (burned). Complete loss of the original metaphor.""}","{""item"":7,""translation"":""Như nhà sạch sẽ không bị bụi bám, tâm trí trong sạch cũng không bị rạ̀c chiếm lấy.""}","{""accuracy"": 1, ""fluency"": 1, ""explanation"": ""Completely misses the 'rain/roof' (vu\u1e6d\u1e6dh\u012b/ag\u0101ra\u1e43) metaphor, substituting it with 'dust'. Uses 'r\u1ea1\u0300c' (nonsensical word) for 'r\u0101ga'.""}","Như một căn nhà sạch sẽ, không có bụi bẩn, không có mùi hôi thối; Tương tự, tâm sạch sẽ, không có tham sân si, không có ác tâm.","{""accuracy"": 2, ""fluency"": 3, ""explanation"": ""Mistranslates the 'well-thatched house' (suchanna) analogy as 's\u1ea1ch s\u1ebd' (clean). Misinterprets the logic of rain/lust penetration.""}","Giống như một ngôi nhà được lau chùi sạch sẽ, gió không thổi vào được; cũng vậy, một tâm được tu tập tốt đẹp, tham không xâm nhập vào được.","{""accuracy"": 2, ""fluency"": 2, ""explanation"": ""Incorrect translation of 'vu\u1e6d\u1e6dh\u012b' (m\u01b0a) as 'gi\u00f3' (wind). 'Lau ch\u00f9i s\u1ea1ch s\u1ebd' is a mistranslation of 'suchanna\u1e43' (well-roofed/l\u1ee3p k\u1ef9).""}","Như ngôi nhà được lợp cẩn thận, mưa không thể thấm vào; cũng vậy, tâm được tu tập cẩn thận, tham không thể xâm nhập.","{""accuracy"": 4, ""fluency"": 4, ""explanation"": ""Correctly uses 'tu t\u1eadp' for 'subh\u0101vita\u1e43' and 'tham' for 'r\u0101go'.""}","Như ngôi nhà lợp kín, mưa không xuyên thấu; tâm đã tu tập kỹ, tham dục không xuyên thấu.","{""accuracy"": 4, ""fluency"": 4, ""explanation"": ""Good use of 'xuy\u00ean th\u1ea5u' for 'samativijjhati'. The phrasing is concise, matching the poetic meter of the source.""}","Như nhà được che đậy kỹ, gió không thể thổi vào; tâm được tu dưỡng tốt, tham ái không thể xâm nhập.","{""accuracy"": 3, ""fluency"": 3, ""explanation"": ""Mistranslates 'vu\u1e6d\u1e6dh\u012b' (rain) as 'gi\u00f3' (wind). In Buddhist symbolism, rain penetrating a roof is a specific metaphor for desire.""}","Như ngôi nhà được lợp kỹ, mưa không thể thấm vào; cũng vậy, tâm được tu tập tốt, tham dục không thể xâm nhập.","{""accuracy"": 5, ""fluency"": 5, ""explanation"": ""A classic translation. 'Tu t\u1eadp' is the correct term for 'subh\u0101vita\u1e43' and the house metaphor is rendered elegantly.""}"
"Yathā agāraṃ ducchannaṃ, vuṭṭhī samativijjhati; Evaṃ abhāvitaṃ cittaṃ, rāgo samativijjhati.",20bc584a-787b-45b0-93b3-5f7012bae850,"Như mái nhà lợp vụng về thì mưa sẽ dột vào. Cũng vậy, tâm không được tu dưỡng thì dục vọng sẽ dễ dàng xâm chiếm.","Như ngôi nhà vụng lợp, Mưa liền xâm nhập vào. Cũng vậy tâm không tu, Tham dục liền xâm nhập.",Mind (Leaky),Dhammapada 13 / Udanavarga 31.27,"{""item"":8,""translation"":""Như một đống cỏ ẩm, nó bị cháy; Cũng như tâm hồn thiếu, đam mê bị cháy.""}","{""accuracy"": 1, ""fluency"": 1, ""explanation"": ""Consistent with previous error: 'house' as 'haystack' and 'rain' as 'fire/burned'. Reverses the meaning of 'duchhanna\u1e43' (ill-roofed).""}","{""item"":8,""translation"":""Như nhà bẩn thỉu bị bụi bám, tâm trí ô uế cũng bị rạ̀c chiếm lấy.""}","{""accuracy"": 1, ""fluency"": 1, ""explanation"": ""Same failure as Item 7; misses the architectural metaphor entirely and uses non-standard vocabulary.""}","Như một căn nhà bẩn thỉu, có bụi bẩn, có mùi hôi thối; Tương tự, tâm bẩn thỉu, có tham sân si, có ác tâm.","{""accuracy"": 2, ""fluency"": 3, ""explanation"": ""Mistranslates 'ill-thatched' (ducchanna) as 'b\u1ea9n th\u1ec9u' (dirty). Fails to convey the metaphor of vulnerability to lust/rain.""}","Giống như một ngôi nhà không được lau chùi, gió thổi vào được; cũng vậy, một tâm không được tu tập, tham xâm nhập vào được.","{""accuracy"": 2, ""fluency"": 2, ""explanation"": ""Same error as Item 7: 'vu\u1e6d\u1e6dh\u012b' is rain, not wind. 'Kh\u00f4ng \u0111\u01b0\u1ee3c lau ch\u00f9i' is an incorrect translation of 'ducchanna\u1e43' (ill-roofed).""}","Như ngôi nhà được lợp dở dang, mưa có thể thấm vào; cũng vậy, tâm không được tu tập cẩn thận, tham có thể xâm nhập.","{""accuracy"": 4, ""fluency"": 4, ""explanation"": ""Parallel to Item 7; 'l\u1ee3p d\u1edf dang' is a reasonable translation for 'duccahanna\u1e43' (ill-roofed).""}","Như ngôi nhà lợp hở, mưa xuyên thấu; tâm chưa tu tập, tham dục xuyên thấu.","{""accuracy"": 4, ""fluency"": 4, ""explanation"": ""Consistent with Item 7. 'T\u00e2m ch\u01b0a tu t\u1eadp' is a standard rendering of 'abh\u0101vita\u1e43 citta\u1e43'.""}","Như nhà không che đậy, gió thổi vào dễ dàng; tâm không tu dưỡng, tham ái dễ dàng xâm nhập.","{""accuracy"": 3, ""fluency"": 3, ""explanation"": ""Same error as item 7; uses 'gi\u00f3' (wind) instead of 'm\u01b0a' (rain) for the Pali 'vu\u1e6d\u1e6dh\u012b'.""}","Như ngôi nhà lợp không kỹ, mưa tất sẽ thấm vào; cũng vậy, tâm không được tu tập, tham dục tất sẽ xâm nhập.","{""accuracy"": 5, ""fluency"": 5, ""explanation"": ""Parallel to Item 7, maintaining consistency and appropriate sutra register.""}"
"Sārañca sārato ñatvā, asārañca asārato; Te sāraṃ adhigacchanti, sammāsaṅkappagocarā.",f6bb2f57-c74f-4ae6-b7eb-9a34dcc9bcb7,"Cái thật biết là thật, cái giả biết là giả. Những người có tư duy đúng đắn như vậy sẽ tìm thấy chân lý.","Chân thật, biết chân thật, Không chân, biết không chân. Họ đạt được chân thật, Do chánh tư, chánh hạnh.",Right Views,Dhammapada 12 / Udanavarga 29.4,"{""item"":9,""translation"":""Nếu biết được sự thật, nếu không biết sự thật; Họ đạt được sự thật, hành động đúng đắn.""}","{""accuracy"": 2, ""fluency"": 2, ""explanation"": ""Oversimplifies 's\u0101ra' (essence/truth) and 'as\u0101ra' (non-essence). Misses 'samm\u0101sa\u1e45kappa' (right intention) entirely.""}","{""item"":9,""translation"":""Biết được bản chất và không bản chất, họ đạt được bản chất, những người đi theo ý định đúng.""}","{""accuracy"": 3, ""fluency"": 2, ""explanation"": ""Translates 's\u0101ra' as 'b\u1ea3n ch\u1ea5t' (essence/nature), which is okay, but '\u00fd \u0111\u1ecbnh \u0111\u00fang' for 'samm\u0101sa\u1e45kappa' is too literal; should be 'Ch\u00e1nh t\u01b0 duy'.""}",Người đó biết rõ được những gì có giá trị và những gì không có giá trị; Người đó biết rõ được những gì có giá trị và những gì không có giá trị.,"{""accuracy"": 2, ""fluency"": 2, ""explanation"": ""Uses generic 'gi\u00e1 tr\u1ecb' (value) for 's\u0101ra' (essence/substance). Fails to translate 'samm\u0101sa\u1e45kappa' (right intention/thought).""}","Biết rõ những gì có giá trị và không có giá trị, từ những người có giá trị và không có giá trị; những người đó đạt được giá trị, trong phạm vi của sự suy nghĩ chính xác.","{""accuracy"": 2, ""fluency"": 2, ""explanation"": ""Misses the philosophical depth of 'S\u0101ra' (essence/truth vs non-essence). Translating it as 'gi\u00e1 tr\u1ecb' (value) is too mundane. 'T\u1eeb nh\u1eefng ng\u01b0\u1eddi...' is a grammatical misinterpretation of the Pali.""}","Biết được cái gì là cốt lõi, cái gì không phải là cốt lõi; những người có suy nghĩ đúng đắn, mới có thể đạt được cốt lõi.","{""accuracy"": 4, ""fluency"": 3, ""explanation"": ""Uses 'c\u1ed1t l\u00f5i' for 's\u0101ra', which is accurate (essence), but 'suy ngh\u0129 \u0111\u00fang \u0111\u1eafn' is a bit modern compared to 'Ch\u00e1nh t\u01b0 duy' (samm\u0101-sa\u1e45kappa).""}","Biết rõ cái gì là chân thật, cái gì không chân thật; những người sống đúng chánh tư duy sẽ đạt đến chân lý.","{""accuracy"": 4, ""fluency"": 4, ""explanation"": ""Accurately identifies 'samm\u0101sa\u1e45kappa' as 'ch\u00e1nh t\u01b0 duy'. 'Ch\u00e2n th\u1eadt' effectively captures 's\u0101ra' (essence/substance).""}","Những người hiểu được tinh túy và phi tinh túy, biết rõ tinh túy và phi tinh túy; họ đạt được tinh túy, đi theo đường hướng đúng đắn.","{""accuracy"": 3, ""fluency"": 2, ""explanation"": ""The word 'tinh t\u00fay' is a literal but awkward translation for 's\u0101ra' (essence/truth) in this context. 'Phi tinh t\u00fay' is not standard Buddhist Vietnamese.""}","Biết cái cốt lõi là cốt lõi, cái không cốt lõi là không cốt lõi, những người ấy đạt được cốt lõi nhờ nuôi dưỡng những tư duy đúng đắn.","{""accuracy"": 5, ""fluency"": 4, ""explanation"": ""Translating 's\u0101ra' as 'c\u1ed1t l\u00f5i' is philosophically sound. 'T\u01b0 duy \u0111\u00fang \u0111\u1eafn' effectively renders 'samm\u0101sa\u1e45kappa'.""}"
"Asāre sāramatino, sāre cāsāradassino; Te sāraṃ nādhigacchanti, micchāsaṅkappagocarā.",a91cb9fc-9798-4811-b4ff-eeacefdf6120,"Cái giả thì cho là thật, cái thật lại cho là giả. Những người có tư duy sai lệch như vậy sẽ không bao giờ tìm thấy chân lý.","Không chân, tưởng chân thật, Chân thật, thấy không chân. Họ không đạt chân thật, Do tà tư, tà hạnh.",False Views,Dhammapada 11 / Udanavarga 29.3,"{""item"":10,""translation"":""Nếu không biết sự thật, họ không thấy sự thật; Họ không đạt được sự thật, hành động sai lầm.""}","{""accuracy"": 2, ""fluency"": 2, ""explanation"": ""Inverts the logic of the Pali text. Fails to translate 'micch\u0101sa\u1e45kappa' (wrong intention) correctly, using 'h\u00e0nh \u0111\u1ed9ng' instead of 't\u01b0 duy/\u00fd \u0111\u1ecbnh'.""}","{""item"":10,""translation"":""Kẻ bám vào vô bản chất, thấy bản chất là vô bản chất, không đạt được bản chất, họ đi theo ý định sai.""}","{""accuracy"": 3, ""fluency"": 2, ""explanation"": ""Understandable but stilted. 'V\u00f4 b\u1ea3n ch\u1ea5t' for 'as\u0101ra' is philosophically awkward compared to 'phi c\u1ed1t l\u00f5i' or 'gi\u1ea3 t\u1ea1m'.""}",Người đó không biết rõ được những gì có giá trị và những gì không có giá trị; Người đó không biết rõ được những gì có giá trị và những gì không có giá trị.,"{""accuracy"": 2, ""fluency"": 2, ""explanation"": ""Negative mirror of Item 9; lacks the philosophical weight of distinguishing truth from falsehood.""}","Những người coi những gì không có giá trị là có giá trị, và không nhìn thấy giá trị trong những gì có giá trị; những người đó không đạt được giá trị, trong phạm vi của sự suy nghĩ không chính xác.","{""accuracy"": 2, ""fluency"": 2, ""explanation"": ""Similar to Item 9, misses the core concept of 'essence' (S\u0101ra) vs 'non-essence'. 'Suy ngh\u0129 kh\u00f4ng ch\u00ednh x\u00e1c' is a weak translation for 'micch\u0101-sa\u1e45kappa' (t\u00e0 t\u01b0 duy).""}","Những người cho rằng cái không cốt lõi là cốt lõi, và cái cốt lõi không phải là cốt lõi; những người có suy nghĩ sai lầm, không thể đạt được cốt lõi.","{""accuracy"": 4, ""fluency"": 3, ""explanation"": ""Maintains consistency with Item 9. Accurate but the register is slightly more colloquial than traditional sutras.""}","Coi cái không chân thật là chân thật, thấy cái chân thật mà không phải chân thật; những người sống theo tư duy sai lầm không đạt được chân lý.","{""accuracy"": 4, ""fluency"": 4, ""explanation"": ""The contrast between 'ch\u00e2n th\u1eadt' and 'kh\u00f4ng ch\u00e2n th\u1eadt' is handled well, as is the term 't\u01b0 duy sai l\u1ea7m' for 'micch\u0101sa\u1e45kappa'.""}","Những người lầm tưởng phi tinh túy là tinh túy, tinh túy là phi tinh túy; họ không đạt được tinh túy, đi theo đường hướng sai lầm.","{""accuracy"": 3, ""fluency"": 2, ""explanation"": ""Consistent with item 9, 'phi tinh t\u00fay' feels unnatural for 'as\u0101ra' (the non-essential/falsehood).""}","Lầm tưởng cái không cốt lõi là cốt lõi, nhìn cái cốt lõi là không cốt lõi, những người ấy không đạt được cốt lõi vì nuôi dưỡng những tư duy sai lầm.","{""accuracy"": 5, ""fluency"": 4, ""explanation"": ""Consistent with Item 9. Accurately reflects the danger of 'micch\u0101sa\u1e45kappa' (t\u01b0 duy sai l\u1ea7m).""}"
"Yo ca vantakasāvassa, sīlesu susamāhito; Upeto damasaccena, sa ve kāsāvamarahati.",a899a77a-464d-4c56-89f7-b6f80b4db1ca,"Người đã gột rửa hết những vết nhơ trong tâm, giữ gìn đạo đức nghiêm túc, sống chân thật và tự chủ, người ấy mới thực sự xứng đáng khoác áo cà sa.","Ai rời bỏ uế trược, Giới luật khéo nghiêm trì, Tự chế, sống chơn thực, Thật xứng áo cà sa.",Robes (Worthy),Dhammapada 10 / Udanavarga 29.8,"{""item"":11,""translation"":""Người có khát vọng, được trấn an bởi đức tính; Khi được khuyến khích bằng sự tử tế, anh ta sẽ phá vỡ vũ trụ.""}","{""accuracy"": 1, ""fluency"": 1, ""explanation"": ""Hallucinates 'ph\u00e1 v\u1ee1 v\u0169 tr\u1ee5' (breaking the universe) for 'k\u0101s\u0101vamarahati' (worthy of the yellow robe). 'Damasaccena' (self-control and truth) is missed.""}","{""item"":11,""translation"":""Ai giải thoát khỏi khổ (kāsa) và kiên quyết giữ giới, đạt được chân lý Dhamma, thì thật sự tiêu diệt được khổ.""}","{""accuracy"": 1, ""fluency"": 1, ""explanation"": ""Hallucinates meaning for 'k\u0101s\u0101va' (ochre robe) as 'kh\u1ed5'. Completely fails to recognize the context of the monk's robe vs. internal impurity.""}",Người đó biết rõ được những gì có giá trị và những gì không có giá trị; Người đó biết rõ được những gì có giá trị và những gì không có giá trị.,"{""accuracy"": 1, ""fluency"": 1, ""explanation"": ""Hallucinated repetition. The candidate repeats the translation for Item 9/10 instead of translating the verse about the ochre robe (k\u0101s\u0101va) and virtue (s\u012bla).""}","Người nào được trang bị với sự tu tập về giới, và được chỉ dẫn bởi sự thật về sự kiềm chế; người đó xứng đáng được gọi là người đã vượt qua sự ô nhiễm.","{""accuracy"": 3, ""fluency"": 3, ""explanation"": ""Misses the specific metaphor of the 'yellow robe' (k\u0101s\u0101va) in the second half, focusing only on 'v\u01b0\u1ee3t qua s\u1ef1 \u00f4 nhi\u1ec5m'.""}","Người đã đoạn trừ các lậu hoặc, có giới hạnh an tịnh; đầy đủ sự tự chế và sự chân thật, mới thật sự xứng đáng với áo cà sa.","{""accuracy"": 4, ""fluency"": 4, ""explanation"": ""Good use of '\u0111o\u1ea1n tr\u1eeb c\u00e1c l\u1eadu ho\u1eb7c' for 'vantakas\u0101vassa', though 'l\u1eadu ho\u1eb7c' (\u0101sava) is specifically 'k\u012bla' here; 'gi\u1edbi h\u1ea1nh' is very appropriate.""}","Ai đã quăng bỏ các lậu hoặc, giữ gìn giới luật nghiêm mật, có chế ngự và chân thật, người ấy thật xứng đáng mặc áo cà-sa.","{""accuracy"": 5, ""fluency"": 4, ""explanation"": ""Excellent use of 'l\u1eadu ho\u1eb7c' (vanta-kas\u0101vassa/asava nuance) and 'gi\u1edbi lu\u1eadt nghi\u00eam m\u1eadt'. Very high doctrinal fidelity.""}","Người nào giữ giới luật, sống đúng pháp; người đó xứng đáng mặc áo cà sa.","{""accuracy"": 3, ""fluency"": 3, ""explanation"": ""Omission of the specific qualities 'damasaccena' (self-control and truth). It oversimplifies the verse into 'gi\u1eef gi\u1edbi lu\u1eadt'.""}","Ai đã gột rửa mọi cấu uế, sống tự tại trong giới luật, đầy đủ tự chế và chân thực, người ấy xứng đáng mặc y cà sa.","{""accuracy"": 5, ""fluency"": 5, ""explanation"": ""Superior use of 'c\u1ea5u u\u1ebf' (kas\u0101va) and 'gi\u1edbi lu\u1eadt' (s\u012bla). The phrase 't\u1ef1 t\u1ea1i trong gi\u1edbi lu\u1eadt' is very elegant.""}"
"Anikkasāvo kāsāvaṃ, yo vatthaṃ paridahissati; Apeto damasaccena, na so kāsāvamarahati.",b73a1295-a72f-448d-a20d-48c2d34bfcde,"Người mặc áo cà sa mà tâm còn đầy vết nhơ (tham sân si), thiếu sự chân thật và tự chủ, thì không xứng đáng với chiếc áo ấy.","Ai mặc áo cà sa, Tâm chưa rời uế trược, Không tự chế, không thực, Không xứng áo cà sa.",Robes (Unworthy),Dhammapada 9 / Udanavarga 29.7,"{""item"":12,""translation"":""Người không có khát vọng, vũ trụ; Khi được khuyến khích bằng sự tử tế, anh ta không phá vỡ vũ trụ.""}","{""accuracy"": 1, ""fluency"": 1, ""explanation"": ""Repeats the 'universe' hallucination. 'Anikkas\u0101vo' (not free from impurity) is translated as 'kh\u00f4ng c\u00f3 kh\u00e1t v\u1ecdng'.""}","{""item"":12,""translation"":""Kẻ chưa thoát khỏi khổ (kāsa), người sẽ phá hủy (vật); chưa đạt chân lý Dhamma, không tiêu diệt được khổ.""}","{""accuracy"": 1, ""fluency"": 1, ""explanation"": ""Fails to identify 'k\u0101s\u0101va' as the yellow robe. Translates 'vattha\u1e43' (cloth) as 'ph\u00e1 h\u1ee7y' (hallucination). Completely incorrect.""}",Người đó không biết rõ được những gì có giá trị và những gì không có giá trị; Người đó không biết rõ được những gì có giá trị và những gì không có giá trị.,"{""accuracy"": 1, ""fluency"": 1, ""explanation"": ""Hallucinated repetition. Fails to translate the warning about wearing the robe without self-control (dama) and truth (sacca).""}","Người không được trang bị với sự tu tập về giới, che giấu bằng vải vàng; người đó không xứng đáng được gọi là người đã vượt qua sự ô nhiễm, nếu không được chỉ dẫn bởi sự thật về sự kiềm chế.","{""accuracy"": 3, ""fluency"": 3, ""explanation"": ""Translates 'k\u0101s\u0101va' as 'v\u1ea3i v\u00e0ng', which is literal but loses the Buddhist technical term 'c\u00e0 sa'. Phrasing is convoluted.""}","Người không đoạn trừ các lậu hoặc, không có giới hạnh an tịnh; không đầy đủ sự tự chế và sự chân thật, không xứng đáng với áo cà sa.","{""accuracy"": 4, ""fluency"": 4, ""explanation"": ""Consistent with Item 11; captures the contrast effectively.""}","Người chưa rửa sạch lậu hoặc, lại mặc y cà-sa, thiếu chế ngự và chân thật, không xứng đáng mặc áo cà-sa.","{""accuracy"": 5, ""fluency"": 4, ""explanation"": ""Maintains the technical precision of Item 11 regarding 'l\u1eadu ho\u1eb7c' and 'ch\u1ebf ng\u1ef1' (dama).""}","Người nào không giữ giới luật, phá vỡ pháp; người đó không xứng đáng mặc áo cà sa.","{""accuracy"": 3, ""fluency"": 3, ""explanation"": ""Similar to item 11, it simplifies 'anikkas\u0101vo' (not free from impurity) and 'apeto damasaccena' into a general 'kh\u00f4ng gi\u1eef gi\u1edbi lu\u1eadt'.""}","Ai chưa gột sạch cấu uế mà muốn mặc y cà sa, thiếu tự chế và lòng chân thực, người ấy không xứng đáng mặc y cà sa.","{""accuracy"": 5, ""fluency"": 5, ""explanation"": ""Accurately captures the irony of the Pali verse regarding the 'y c\u00e0 sa'. Strong vocabulary choice.""}"
"Asubhānupassiṃ viharantaṃ, indriyesu susaṃvutaṃ; Bhojanamhi ca mattaññuṃ, saddhaṃ āraddhavīriyaṃ; Taṃ ve nappasahati māro, vāto selaṃva pabbataṃ.",8284441f-8c08-45de-8519-769a3c996843,"Người sống quán chiếu sự không trong sạch của thân xác, khéo kiểm soát giác quan, ăn uống chừng mực, có đức tin và siêng năng, Ma Vương không thể lay chuyển được, như gió thổi vào núi đá.","Ai sống quán bất tịnh, Khéo hộ trì các căn, Ăn uống có tiết độ, Có lòng tin, tinh cần, Ma không uy hiếp được, Như núi đá trước gió.",Temptation (Strong),Dhammapada 8 / Udanavarga 29.16,"{""item"":13,""translation"":""Người không nhìn thấy điều xấu, sống; Được kích thích bởi các giác quan; Khi ăn, anh ta không nhận ra; Mặc dù có sức mạnh, anh ta không làm điều gì.""}","{""accuracy"": 1, ""fluency"": 2, ""explanation"": ""Translates 'Asubh\u0101nupassi\u1e43' (contemplating foulness) as 'kh\u00f4ng nh\u00ecn th\u1ea5y \u0111i\u1ec1u x\u1ea5u'. Misses 'M\u0101ro' (Mara/tempter) and the mountain/wind metaphor.""}","{""item"":13,""translation"":""Người sống trong bẩn thỉu, các giác quan được kiềm chế; trong ăn uống cũng bất cẩn, niềm tin kiên quyết, dũng cảm; Ma không thể làm cho hắn chùn bước, như gió thổi vào núi.""}","{""accuracy"": 2, ""fluency"": 2, ""explanation"": ""Mistranslates 'asubh\u0101nupassi\u1e43' (contemplating impurity/loathsomeness) as 's\u1ed1ng trong b\u1ea9n th\u1ec9u' (living in filth), which is a major doctrinal error.""}","Người đó sống trong sự tỉnh thức, biết rõ được những gì có giá trị và những gì không có giá trị; Người đó sống trong sự tỉnh thức, biết rõ được những gì có giá trị và những gì không có giá trị.","{""accuracy"": 1, ""fluency"": 2, ""explanation"": ""Completely omits the specific qualities (asubh\u0101nupassi\u1e43, indriyesu susa\u1e43vuta\u1e43) and the mountain/wind metaphor, replacing them with a generic 't\u1ec9nh th\u1ee9c' (mindfulness).""}","Người nào sống quán tưởng về những điều không đẹp, có sự kiểm soát trong các giác quan, biết vừa phải trong việc ăn uống, có lòng tin và tinh tấn; Ma không thể vượt qua người đó, giống như gió không thể lay động một tảng đá trên núi.","{""accuracy"": 4, ""fluency"": 4, ""explanation"": ""Good accuracy. 'Ma' is used for M\u0101ro. 'V\u01b0\u1ee3t qua' for 'pasahati' is acceptable but '\u0111\u00e1nh b\u1ea1i' or 'lay chuy\u1ec3n' is better.""}","Người quán bất tịnh, giữ gìn các căn, biết tiết độ trong ăn uống, có lòng tin và tinh tấn; Ma Vương không thể làm lung lay người đó, như gió không thể làm lay chuyển ngọn núi.","{""accuracy"": 5, ""fluency"": 4, ""explanation"": ""Uses precise terminology: 'qu\u00e1n b\u1ea5t t\u1ecbnh', 'gi\u1eef g\u00ecn c\u00e1c c\u0103n' (indriyesu susa\u1e43vuta\u1e43), and 'tinh t\u1ea5n'.""}","Người quán bất tịnh, sống nghiêm ngặt các căn, biết đủ trong ăn uống, có tín tâm, tinh tấn; Ma vương không thắng nổi người ấy, như gió không lay nổi khối đá núi.","{""accuracy"": 5, ""fluency"": 5, ""explanation"": ""Expert register. 'Qu\u00e1n b\u1ea5t t\u1ecbnh', 'thu th\u00fac c\u00e1c c\u0103n' (implied by nghi\u00eam ng\u1eb7t c\u00e1c c\u0103n), and 'bi\u1ebft \u0111\u1ee7' are perfect Vietnamese Buddhist terms.""}","Người quán bất tịnh, kiểm soát các căn; biết ăn uống đúng mức, tin tưởng, tinh tấn; Ma không thể lay chuyển được người ấy, như gió không thể lay chuyển núi đá.","{""accuracy"": 4, ""fluency"": 4, ""explanation"": ""Good use of 'qu\u00e1n b\u1ea5t t\u1ecbnh' and 'ki\u1ec3m so\u00e1t c\u00e1c c\u0103n' (indriyesu susa\u1e43vuta\u1e43). A very solid translation.""}","Ai sống quán bất tịnh, khéo hộ trì các căn, ăn uống có tiết độ, có lòng tin và nỗ lực tinh tấn, Ma vương không thể lay chuyển người ấy, như gió không thể lay chuyển núi đá.","{""accuracy"": 5, ""fluency"": 5, ""explanation"": ""Expert use of 'qu\u00e1n b\u1ea5t t\u1ecbnh' (asubh\u0101nupassi\u1e43), 'h\u1ed9 tr\u00ec c\u00e1c c\u0103n' (indriyesu susa\u1e43vuta\u1e43), and 'tinh t\u1ea5n' (v\u012briya).""}"
"Subhānupassiṃ viharantaṃ, indriyesu asaṃvutaṃ; Bhojanamhi cāmattaññuṃ, kusītaṃ hīnavīriyaṃ; Taṃ ve pasahati māro, vāto rukkhaṃva dubbalaṃ.",7afc9d04-ae43-4966-b922-e9fe3d20a78e,"Người sống chỉ chạy theo vẻ đẹp bề ngoài, không kiểm soát các giác quan, ăn uống không biết điểm dừng, lười biếng và yếu đuối, Ma Vương sẽ quật ngã kẻ ấy dễ như gió quật đổ cây yếu.","Ai sống nhìn tịnh tướng, Không hộ trì các căn, Ăn uống thiếu tiết độ, Biếng nhác, chẳng tinh cần, Ma uy hiếp kẻ ấy, Như cây yếu trước gió.",Temptation (Weak),Dhammapada 7 / Udanavarga 29.15,"{""item"":14,""translation"":""Người nhìn thấy điều tốt, sống; Được kích thích bởi các giác quan; Khi ăn, anh ta có sức mạnh; Anh ta làm điều gì.""}","{""accuracy"": 1, ""fluency"": 2, ""explanation"": ""Misses the core warning. Translates 'l\u01b0\u1eddi bi\u1ebfng/y\u1ebfu \u0111u\u1ed1i' as 'c\u00f3 s\u1ee9c m\u1ea1nh'. Completely fails to render the metaphor of the wind blowing down a weak tree.""}","{""item"":14,""translation"":""Người sống trong sạch, các giác quan không kiềm chế; trong ăn uống cũng bất cẩn, dũng cảm yếu ớt; Ma có thể làm cho hắn chùn bước, như gió thổi vào cây yếu.""}","{""accuracy"": 2, ""fluency"": 2, ""explanation"": ""Translates 'subh\u0101nupassi\u1e43' (contemplating beauty) as 's\u1ed1ng trong s\u1ea1ch' (living purely), reversing the intended meaning of the warning against sense-pleasure.""}","Người đó sống trong sự không tỉnh thức, không biết rõ được những gì có giá trị và những gì không có giá trị; Người đó sống trong sự không tỉnh thức, không biết rõ được những gì có giá trị và những gì không có giá trị.","{""accuracy"": 1, ""fluency"": 2, ""explanation"": ""Opposite of Item 13, but still fails to translate the tree/wind metaphor and specific Pali terms for laziness and gluttony.""}","Người nào sống quán tưởng về những điều đẹp, không có sự kiểm soát trong các giác quan, không biết vừa phải trong việc ăn uống, lười biếng và có tinh tấn thấp; Ma có thể vượt qua người đó, giống như gió lay động một cây yếu.","{""accuracy"": 4, ""fluency"": 4, ""explanation"": ""Correct contrast to the previous verse. 'Tinh t\u1ea5n th\u1ea5p' is a bit modern for 'h\u012bnav\u012briya\u1e43' (k\u00e9m tinh t\u1ea5n).""}","Người quán tịnh, không giữ gìn các căn, không biết tiết độ trong ăn uống, lười biếng và thiếu tinh tấn; Ma Vương có thể làm lung lay người đó, như gió có thể làm đổ cây yếu.","{""accuracy"": 5, ""fluency"": 4, ""explanation"": ""Properly translates 'subh\u0101nupassi\u1e43' as 'qu\u00e1n t\u1ecbnh' (observing beauty/purity) as the opposite of 'qu\u00e1n b\u1ea5t t\u1ecbnh'.""}","Người chấp trước tướng đẹp, không chế ngự các căn, ăn uống không biết đủ, biếng nhác, tinh thần thấp kém; Ma vương thắng được người ấy, như gió làm gãy cây yếu.","{""accuracy"": 4, ""fluency"": 4, ""explanation"": ""Good translation. 'Ch\u1ea5p tr\u01b0\u1edbc t\u01b0\u1edbng \u0111\u1eb9p' for 'subh\u0101nupassi\u1e43' is a solid conceptual translation, though 't\u01b0\u1edbng t\u1ecbnh' is more traditional.""}","Người quán sắc đẹp, không kiểm soát các căn; ăn uống vô độ, lười biếng; Ma dễ dàng lay chuyển người ấy, như gió lay chuyển cây yếu đuối.","{""accuracy"": 4, ""fluency"": 4, ""explanation"": ""Accurate. 'Qu\u00e1n s\u1eafc \u0111\u1eb9p' for 'subh\u0101nupassi\u1e43' is acceptable, though 'qu\u00e1n t\u1ecbnh' or 't\u00ecm c\u1ea7u t\u1ecbnh t\u01b0\u1edbng' is more technical.""}","Ai sống chỉ tìm lạc thú, không hộ trì các căn, ăn uống không tiết độ, lười biếng và kém tinh tấn, Ma vương sẽ dễ dàng đánh bại người ấy, như gió thổi đổ cây yếu.","{""accuracy"": 4, ""fluency"": 4, ""explanation"": ""Accurate, though 't\u00ecm l\u1ea1c th\u00fa' for 'subh\u0101nupassi\u1e43' (viewing things as beautiful/pleasant) is a slightly interpretive but acceptable shift.""}"
"Pare ca na vijānanti, mayamettha yamāmase; Ye ca tattha vijānanti, tato sammanti medhagā.",453c476e-831b-4e18-a01a-79437b732da7,Người đời thường không biết rằng chúng ta rồi sẽ chết. Chỉ những ai thấu hiểu điều này thì mọi tranh chấp mới lắng xuống ngay.,"Và người khác không biết, Chúng ta đây bị hại. Chỗ ấy, ai hiểu được, Tranh luận được lắng êm.",Quarrels/Death,Dhammapada 6 / Udanavarga 14.15,"{""item"":15,""translation"":""Người khác không biết, tôi không biết; Những người biết, họ sẽ thấu hiểu.""}","{""accuracy"": 2, ""fluency"": 2, ""explanation"": ""Misses the specific meaning of 'yam\u0101mase' (we must die/restrain ourselves). 'Medhag\u0101' (wise ones) is ignored.""}","{""item"":15,""translation"":""Những người khác không biết, chúng ta ở đây còn ngu dốt; những người biết ở đó, thì họ có hiểu biết đúng.""}","{""accuracy"": 2, ""fluency"": 2, ""explanation"": ""Misses the core meaning that we are all 'dying' or 'passing away' (yam\u0101mase). Translates it as being 'ngu d\u1ed1t' (ignorant).""}",Người khác không biết rõ được những gì có giá trị và những gì không có giá trị; Người khác không biết rõ được những gì có giá trị và những gì không có giá trị.,"{""accuracy"": 1, ""fluency"": 1, ""explanation"": ""Completely misses the core meaning regarding the contemplation of death and the cessation of quarrels.""}","Người khác không biết, nhưng chúng tôi biết rằng chúng tôi sẽ đi đến nơi nào; và những người biết nơi đó, được gọi là những người có trí tuệ.","{""accuracy"": 2, ""fluency"": 2, ""explanation"": ""Significant deviation. 'Yam\u0101mase' refers to the realization of mortality ('we must perish here'), which the candidate translates vaguely as '\u0111i \u0111\u1ebfn n\u01a1i n\u00e0o'.""}","Người khác không biết rằng chúng ta phải tự chế ở đây; những người biết được điều đó, mới có thể tự chế và đạt được sự an tịnh.","{""accuracy"": 2, ""fluency"": 3, ""explanation"": ""Major semantic error. 'Yam\u0101mase' in this context refers to 'death' (restraining/dying), not simply 'self-control' in a general sense. Failed to capture the theme of mortality.""}","Người khác không hiểu, chúng ta ở đây mà chết; những ai hiểu rõ, thì các tranh chấp được dẹp yên.","{""accuracy"": 3, ""fluency"": 3, ""explanation"": ""The phrase 'ch\u00fang ta \u1edf \u0111\u00e2y m\u00e0 ch\u1ebft' is slightly awkward in Vietnamese. Accuracy is okay, but the register feels a bit flat compared to the reference.""}","Người khác không hiểu, chúng ta ở đây không tranh luận; những ai hiểu rõ, họ im lặng, trí tuệ sáng tỏ.","{""accuracy"": 2, ""fluency"": 2, ""explanation"": ""Major error. The verse refers to the realization that 'we all must die' (yam\u0101mase), which stops quarrels. The candidate translates it as 'kh\u00f4ng tranh lu\u1eadn', missing the core memento mori.""}","Người khác không hiểu rằng chúng ta ở đây để kiềm chế bản thân; nhưng với những ai hiểu được điều đó, mọi tranh luân, mâu thuẫn sẽ được lắng dịu.","{""accuracy"": 3, ""fluency"": 3, ""explanation"": ""The candidate interprets 'yam\u0101mase' as 'ki\u1ec1m ch\u1ebf b\u1ea3n th\u00e2n' (to restrain), whereas the traditional interpretation is 'we are perishing/dying'. Reference is more accurate here.""}"
"Na hi verena verāni, sammantīdha kudācanaṃ; Averena ca sammanti, esa dhammo sanantano.",8e5eefdf-cc66-4612-89ee-e9f7e4d85a34,"Trên đời này, lấy oán báo oán thì hận thù không bao giờ dứt. Chỉ có lấy ân từ để xóa bỏ hận thù, đó là định luật ngàn xưa.","Với hận diệt hận thù, Ðời này không có được. Không hận diệt hận thù, Là định luật ngàn thu.",Non-violence,Dhammapada 5 / Udanavarga 14.12,"{""item"":16,""translation"":""Không có sự thật, không có sự thật; Họ sẽ hiểu; Không có sự thật, họ sẽ hiểu, điều đó là vô hạn.""}","{""accuracy"": 1, ""fluency"": 1, ""explanation"": ""Fails to translate the most famous verse of the Dhammapada. 'Vera' (hatred) is translated as 's\u1ef1 th\u1eadt' (truth). The logic is lost.""}","{""item"":16,""translation"":""Thù hận không thể chấm dứt thù hận, không bao giờ; bằng tình thương (không thù) mới đạt được chánh niệm, đó là pháp bất diệt.""}","{""accuracy"": 4, ""fluency"": 3, ""explanation"": ""The general sentiment is correct, but '\u0111\u1ea1t \u0111\u01b0\u1ee3c ch\u00e1nh ni\u1ec7m' (achieving mindfulness) is an incorrect translation for 'sammanti' (to cease/settle).""}","Không có sự thù hận, không có sự thù hận, không có sự thù hận; Không có sự thù hận, không có sự thù hận, không có sự thù hận.","{""accuracy"": 2, ""fluency"": 2, ""explanation"": ""Missing the Eternal Law (dhammo sanantano). Repetitive phrasing lacks the poetic structure of the original Dhammapada verse.""}","Không phải bằng cách trả thù mà trả thù được dẹp bỏ, ở đây hoặc ở nơi khác; bằng cách không trả thù, sự trả thù được dẹp bỏ, đây là một nguyên lý vĩnh cửu.","{""accuracy"": 4, ""fluency"": 3, ""explanation"": ""Accurate, but uses 'tr\u1ea3 th\u00f9' instead of the traditional 'o\u00e1n' (verena). Register is more like a legal text than a sutra.""}",Không bao giờ có thể dùng sân hận để dập tắt sân hận; chỉ có thể dùng không sân hận để dập tắt sân hận; đó là quy luật muôn đời.,"{""accuracy"": 5, ""fluency"": 4, ""explanation"": ""Excellent translation of 'averena' as 'kh\u00f4ng s\u00e2n h\u1eadn' and 'dharma sanantano' as 'quy lu\u1eadt mu\u00f4n \u0111\u1eddi'.""}","Không bao giờ oán diệt được oán bằng oán ở đời; chỉ có không oán mới dẹp được oán, đây là pháp thường hằng.","{""accuracy"": 5, ""fluency"": 4, ""explanation"": ""A classic verse. 'Ph\u00e1p th\u01b0\u1eddng h\u1eb1ng' is a very good fit for 'dhammo sanantano'. Accurate and clear.""}","Không bao giờ có kẻ thù nào, ở đây hòa giải được; bằng lòng, mọi sự hòa giải, đây là Pháp vĩnh viễn.","{""accuracy"": 2, ""fluency"": 2, ""explanation"": ""Poor accuracy. 'Averena' (non-hatred/love) is translated as 'b\u1eb1ng l\u00f2ng' (satisfied/agree), and the famous 'Dhammo sanantano' (Eternal Law) is rendered weakly.""}","Với hận thù, hận thù không bao giờ dứt; chỉ có từ bi (không hận) mới diệt được hận thù. Đó là định luật vĩnh cửu.","{""accuracy"": 5, ""fluency"": 5, ""explanation"": ""Excellent translation of 'dhammo sanantano' as '\u0111\u1ecbnh lu\u1eadt v\u0129nh c\u1eedu'. The phrasing is classic and impactful.""}"
"Akkocchi maṃ avadhi maṃ, ajini maṃ ahāsi me; Ye ca taṃ nūpanayhanti, veraṃ tesūpasammati.",9e7c54cc-3c91-45cb-9b7d-fa023b0582dd,"""Hắn mắng tôi, đánh tôi, hắn thắng tôi, cướp của tôi"". Ai không giữ những ý nghĩ oán hờn đó trong lòng thì hận thù sẽ tự nhiên tan biến.","Nó mắng tôi, đánh tôi, Nó thắng tôi, cướp tôi. Không ôm hiềm hận ấy, Hận thù được tự nguôi.",Hatred (Releasing),Dhammapada 4 / Udanavarga 14.10,"{""item"":17,""translation"":""Hãy không nói dối, tôi không nói dối, anh ta ăn tôi; Những người làm điều đó, họ sẽ thấu hiểu.""}","{""accuracy"": 1, ""fluency"": 1, ""explanation"": ""Translates 'Akkocchi' (abused) as 'n\u00f3i d\u1ed1i' and 'ah\u0101si me' (robbed me) as '\u0103n t\u00f4i' (eat me). Complete failure of comprehension.""}","{""item"":17,""translation"":""Họ xúc phạm tôi, đánh tôi, gọi tôi là ngu; những người lặp lại điều đó, họ đầy thù hận.""}","{""accuracy"": 2, ""fluency"": 2, ""explanation"": ""Mistranslates 'ajini ma\u1e43' (conquered me) and 'ah\u0101si me' (robbed me). Reverses the logic: says those who repeat it are full of hate, rather than saying hate ceases for those who DON'T harbor it.""}","Người đó không có sự thù hận, không có sự thù hận, không có sự thù hận; Người đó không có sự thù hận, không có sự thù hận, không có sự thù hận.","{""accuracy"": 1, ""fluency"": 1, ""explanation"": ""Fails to translate the specific verbs (m\u1eafng, \u0111\u00e1nh, c\u01b0\u1edbp) and instead repeats generic 'kh\u00f4ng c\u00f3 s\u1ef1 th\u00f9 h\u1eadn' (no hatred).""}","Đừng xúc phạm tôi, đừng làm hại tôi, đừng nói xấu về tôi; những người không làm như vậy, không còn sự thù hận.","{""accuracy"": 2, ""fluency"": 2, ""explanation"": ""Completely misses the 'internal monologue' aspect of the verse ('He abused me, he struck me'). Translated as an imperative '\u0110\u1eebng x\u00fac ph\u1ea1m t\u00f4i'.""}","Người khác mắng chửi, đánh đập, chiến thắng, lấy của tôi; những người không nuôi dưỡng hận thù, hận thù sẽ được dập tắt.","{""accuracy"": 4, ""fluency"": 4, ""explanation"": ""Accurate listing of the Pali verbs; 'nu\u00f4i d\u01b0\u1ee1ng h\u1eadn th\u00f9' is a good rendering of 'upanayhanti'.""}","Người bị mắng nhiếc, bị đánh, bị hại, bị khinh miệt, nếu không ân oán trả lại, thì oán ấy được tiêu tan.","{""accuracy"": 3, ""fluency"": 3, ""explanation"": ""The candidate deviates significantly from the Pali list (m\u1eafng, \u0111\u00e1nh, th\u1eafng, c\u01b0\u1edbp) by using general terms like 'h\u1ea1i' and 'khinh mi\u1ec7t'. Less precise than the reference.""}","Ngươi không mắng ta, không đánh ta, không nói lời ác với ta; những ai làm như vậy, lòng hận thù của họ sẽ được an ủi.","{""accuracy"": 2, ""fluency"": 2, ""explanation"": ""Fails to capture the internal monologue 'He abused me, he beat me'. It turns it into a command 'Ng\u01b0\u01a1i kh\u00f4ng m\u1eafng ta', which changes the meaning entirely.""}","'Nó mắng tôi, đánh tôi, thắng tôi, cướp của tôi' - Ai không ôm giữ tâm niệm ấy, hận thù sẽ tự nguôi ngoai.","{""accuracy"": 4, ""fluency"": 4, ""explanation"": ""Natural register. 'Ngu\u00f4i ngoai' is a good choice for 'upasammati'. Use of 'N\u00f3' reflects the raw emotion of the quote.""}"
"Akkocchi maṃ avadhi maṃ, ajini maṃ ahāsi me; Ye ca taṃ upanayhanti, veraṃ tesaṃ na sammati.",26aa61b8-cd59-43b3-8db8-f95e8c39e7f9,"""Hắn mắng tôi, đánh tôi, hắn thắng tôi, cướp của tôi"". Ai cứ giữ mãi những ý nghĩ oán hờn đó trong lòng thì hận thù không bao giờ chấm dứt.","Nó mắng tôi, đánh tôi, Nó thắng tôi, cướp tôi. Ai ôm hiềm hận ấy, Hận thù không thể nguôi.",Hatred (Holding),Dhammapada 3 / Udanavarga 14.9,"{""item"":18,""translation"":""Hãy không nói dối, tôi không nói dối, anh ta ăn tôi; Những người làm điều đó, họ sẽ không thấu hiểu.""}","{""accuracy"": 1, ""fluency"": 1, ""explanation"": ""Repeats 'eating' and 'lying' errors. Fails to capture the concept of harboring/not harboring enmity.""}","{""item"":18,""translation"":""Họ xúc phạm tôi, đánh tôi, gọi tôi là ngu; những người đưa ra điều đó, không có thù hận.""}","{""accuracy"": 2, ""fluency"": 2, ""explanation"": ""Reverses the meaning of the source text: claims there is 'no hate' for those who harbor these thoughts, which is the opposite of the Pali.""}","Người đó có sự thù hận, có sự thù hận, có sự thù hận; Người đó có sự thù hận, có sự thù hận, có sự thù hận.","{""accuracy"": 1, ""fluency"": 1, ""explanation"": ""Mirror of Item 17 failure. Simplistic repetition that loses all narrative content of the verse.""}","Đừng xúc phạm tôi, đừng làm hại tôi, đừng nói xấu về tôi; những người làm như vậy, sự thù hận không bị dẹp bỏ.","{""accuracy"": 2, ""fluency"": 2, ""explanation"": ""Same error as Item 17. The verse describes the thoughts of a person harboring a grudge, not an instruction to others.""}","Người khác mắng chửi, đánh đập, chiến thắng, lấy của tôi; những người nuôi dưỡng hận thù, hận thù sẽ không được dập tắt.","{""accuracy"": 4, ""fluency"": 4, ""explanation"": ""Consistent with Item 17; captures the negative aspect accurately.""}","Người bị mắng nhiếc, bị đánh, bị hại, bị khinh miệt, nếu còn ân oán trả lại, thì oán ấy không dứt.","{""accuracy"": 3, ""fluency"": 3, ""explanation"": ""Same issue as Item 17; lacks the specific literal list provided in the Pali source, though the general sentiment remains.""}","Ngươi không mắng ta, không đánh ta, không nói lời ác với ta; những ai làm như vậy, lòng hận thù của họ sẽ không được an ủi.","{""accuracy"": 2, ""fluency"": 2, ""explanation"": ""Same issue as item 17. The candidate fails to translate the psychological grip of resentment described in the Pali.""}","'Nó mắng tôi, đánh tôi, thắng tôi, cướp của tôi' - Ai còn ôm giữ tâm niệm ấy, hận thù không thể nguôi ngoai.","{""accuracy"": 4, ""fluency"": 4, ""explanation"": ""Consistent with Item 17. The negative 'kh\u00f4ng th\u1ec3 ngu\u00f4i ngoai' correctly mirrors the Pali 'na sammati'.""}"
"Manopubbaṅgamā dhammā, manoseṭṭhā manomayā; Manasā ce pasannena, bhāsati vā karoti vā; Tato naṃ sukhamanveti, chāyāva anapāyinī.",e970e9b2-2e1a-413c-8228-0cd152c5dbe2,"Tâm trí dẫn đầu mọi hành động, tâm trí làm chủ và tạo tác tất cả. Nếu nói năng hay hành động với tâm hồn trong sáng, hạnh phúc sẽ đi theo ngay sau đó, giống như bóng không bao giờ rời hình.","Ý dẫn đầu các pháp, Ý làm chủ, ý tạo; Nếu với ý thanh tịnh, Nói lên hay hành động, An lạc bước theo sau, Như bóng, không rời hình.",Mind (Pure),Dhammapada 2 / Udanavarga 31.24,"{""item"":19,""translation"":""Những điều bắt đầu từ tâm, được đặt trong tâm; Khi tâm nói hoặc làm, anh ta không tìm thấy hạnh phúc; bóng tối không có.""}","{""accuracy"": 2, ""fluency"": 2, ""explanation"": ""Translates 'kh\u00f4ng t\u00ecm th\u1ea5y h\u1ea1nh ph\u00fac' which is the opposite of the Pali 'sukhamanveti' (happiness follows him). Registers 'shadow' as 'b\u00f3ng t\u1ed1i' (darkness).""}","{""item"":19,""translation"":""Các pháp tâm trước hết, tâm là chủ, tâm là của tâm; nếu tâm vui vẻ, nói hoặc hành động, thì hạnh phúc sẽ đến, như bóng không rời.""}","{""accuracy"": 3, ""fluency"": 2, ""explanation"": ""Literal and clumsy Vietnamese. 'T\u00e2m l\u00e0 c\u1ee7a t\u00e2m' is a poor rendering of 'manomay\u0101' (made of mind). 'C\u00e1c ph\u00e1p t\u00e2m tr\u01b0\u1edbc h\u1ebft' is not standard 'v\u0103n kinh'.""}","Những điều xuất phát từ tâm, những điều xuất phát từ tâm, những điều xuất phát từ tâm; Những điều xuất phát từ tâm, những điều xuất phát từ tâm, những điều xuất phát từ tâm.","{""accuracy"": 2, ""fluency"": 2, ""explanation"": ""Simplifies 'Manopubba\u1e45gam\u0101 dhamm\u0101' significantly. Fails to translate the beautiful 'shadow follows form' (ch\u0101y\u0101va anap\u0101yin\u012b) metaphor.""}","Các pháp đều do tâm dẫn đầu, tâm là tối thượng, tâm là tạo ra tất cả; nếu tâm trong sáng, thì sự nói và hành động sẽ mang lại hạnh phúc, giống như một bóng theo sau không rời.","{""accuracy"": 4, ""fluency"": 4, ""explanation"": ""A very common verse; the candidate handles it well. 'T\u00e2m l\u00e0 t\u1ea1o ra t\u1ea5t c\u1ea3' is slightly awkward; 't\u00e2m t\u1ea1o' or 'do t\u00e2m t\u1ea1o' is standard.""}","Các pháp đều do tâm dẫn đầu, tâm là chủ, tâm là chính; nếu tâm thanh tịnh, nói năng hay hành động đều được an lạc; như bóng theo hình, không bao giờ rời xa.","{""accuracy"": 5, ""fluency"": 5, ""explanation"": ""Expert-level register. 'C\u00e1c ph\u00e1p \u0111\u1ec1u do t\u00e2m d\u1eabn \u0111\u1ea7u' is the standard Buddhist translation for this famous verse.""}","Mọi pháp đều do tâm dẫn đầu, tâm là chủ, do tâm tạo; nếu với tâm thanh tịnh mà nói hay làm, thì hạnh phúc theo người ấy như bóng không rời.","{""accuracy"": 5, ""fluency"": 5, ""explanation"": ""Matches the quality of HT. Th\u00edch Minh Ch\u00e2u's translation. Use of 't\u00e2m d\u1eabn \u0111\u1ea7u', 't\u00e2m l\u00e0 ch\u1ee7' is the gold standard for this verse.""}","Pháp do tâm dẫn đầu, tâm là chủ, do tâm tạo; nếu tâm thanh tịnh, nói hay làm gì; hạnh phúc theo đó mà đến, như bóng theo hình.","{""accuracy"": 5, ""fluency"": 5, ""explanation"": ""Excellent. Uses standard terminology ('t\u00e2m d\u1eabn \u0111\u1ea7u', 't\u00e2m l\u00e0 ch\u1ee7', 't\u00e2m t\u1ea1o'). Matches the elegance of HT. Th\u00edch Minh Ch\u00e2u's translation.""}","Tâm dẫn đầu các pháp, tâm là chủ, tâm tạo tác tất cả. Nếu nói hay làm với tâm thanh tịnh, hạnh phúc sẽ theo ta như bóng không rời hình.","{""accuracy"": 5, ""fluency"": 5, ""explanation"": ""Matches the famous translation by HT. Th\u00edch Minh Ch\u00e2u. 'T\u00e2m d\u1eabn \u0111\u1ea7u c\u00e1c ph\u00e1p' is the standard and most accurate rendering of 'Manopubba\u1e45gam\u0101 dhamm\u0101'.""}"
"Manopubbaṅgamā dhammā, manoseṭṭhā manomayā; Manasā ce paduṭṭhena, bhāsati vā karoti vā; Tato naṃ dukkhamanveti, cakkaṃva vahato padaṃ.",534e22f9-2933-4dc6-b94c-b029bd5594c8,"Tâm trí dẫn đầu mọi hành động, tâm trí làm chủ và tạo tác tất cả. Nếu nói năng hay hành động với tâm địa xấu xa, khổ đau sẽ đi theo ngay sau đó, giống như bánh xe lăn theo chân con vật kéo xe.","Ý dẫn đầu các pháp, Ý làm chủ, ý tạo; Nếu với ý ô nhiễm, Nói lên hay hành động, Khổ não bước theo sau, Như xe, chân vật kéo.",Mind (Impure),Dhammapada 1 / Udanavarga 31.23,"{""item"":20,""translation"":""Những điều bắt đầu từ tâm, được đặt trong tâm; Khi tâm nói hoặc làm, anh ta không tìm thấy đau khổ; như bánh xe, anh ta đi.""}","{""accuracy"": 2, ""fluency"": 2, ""explanation"": ""Similarly to Item 19, it says 'kh\u00f4ng t\u00ecm th\u1ea5y \u0111au kh\u1ed5' (does not find suffering), which contradicts the Pali 'dukkhamanveti' (suffering follows him).""}","{""item"":20,""translation"":""Nếu tâm buồn bã, khổ sẽ đến, như bánh xe quay xuống.""}","{""accuracy"": 2, ""fluency"": 2, ""explanation"": ""Incomplete translation. Misses the famous 'wheel following the hoof of the ox' (cakka\u1e43va vahato pada\u1e43) simile entirely.""}","Những điều xuất phát từ tâm, những điều xuất phát từ tâm, những điều xuất phát từ tâm; Những điều xuất phát từ tâm, những điều xuất phát từ tâm, những điều xuất phát từ tâm.","{""accuracy"": 2, ""fluency"": 2, ""explanation"": ""Fails to translate the 'wheel follows the ox's hoof' (cakka\u1e43va vahato pada\u1e43) metaphor, which is central to this famous verse.""}","Các pháp đều do tâm dẫn đầu, tâm là tối thượng, tâm là tạo ra tất cả; nếu tâm bị ô nhiễm, thì sự nói và hành động sẽ mang lại đau khổ, giống như một bánh xe theo sau chân.","{""accuracy"": 4, ""fluency"": 4, ""explanation"": ""Good accuracy. 'B\u00e1nh xe theo sau ch\u00e2n' is missing the 'ox' or 'draught animal' context (vahato) usually implied, but remains understandable.""}","Các pháp đều do tâm dẫn đầu, tâm là chủ, tâm là chính; nếu tâm ô nhiễm, nói năng hay hành động đều được đau khổ; như bánh xe lăn theo chân con vật kéo.","{""accuracy"": 5, ""fluency"": 5, ""explanation"": ""Consistent with Item 19. Matches the high register of recognized Vietnamese masters (HT. Minh Ch\u00e2u style).""}","Mọi pháp đều do tâm dẫn đầu, tâm là chủ, do tâm tạo; nếu với tâm ô nhiễm mà nói hay làm, thì khổ đau theo người ấy như bánh xe lăn theo dấu chân.","{""accuracy"": 5, ""fluency"": 5, ""explanation"": ""Perfectly parallel to Item 19. Correct use of 't\u00e2m \u00f4 nhi\u1ec5m' and the 'b\u00e1nh xe' metaphor.""}","Pháp do tâm dẫn đầu, tâm là chủ, do tâm tạo; nếu tâm ô nhiễm, nói hay làm gì; khổ đau theo đó mà đến, như bánh xe theo chân ngựa.","{""accuracy"": 5, ""fluency"": 5, ""explanation"": ""Excellent and consistent with item 19. Captures the 'wheel following the hoof' metaphor accurately and elegantly.""}","Tâm dẫn đầu các pháp, tâm là chủ, tâm tạo tác tất cả. Nếu nói hay làm với tâm ô nhiễm, khổ đau sẽ theo ta như bánh xe lăn theo chân con vật kéo.","{""accuracy"": 5, ""fluency"": 5, ""explanation"": ""Perfectly mirrors the elegance and doctrinal precision of Item 19 for the negative aspect ('t\u00e2m \u00f4 nhi\u1ec5m').""}"
