id,pali_text,sanskrit_text,ref_viet_thichminhchau,ref_viet_modern,theme,source,trans_Pali_Llama-3.3-70b,judge_Pali_Llama-3.3-70b,trans_Pali_GPT-OSS-120b,judge_Pali_GPT-OSS-120b,trans_Pali_Kimi-k2,judge_Pali_Kimi-k2,trans_Pali_Qwen3-32b,judge_Pali_Qwen3-32b,trans_Pali_Gemini-3-Flash-Preview,judge_Pali_Gemini-3-Flash-Preview,trans_Sanskrit_Llama-3.3-70b,judge_Sanskrit_Llama-3.3-70b,trans_Sanskrit_GPT-OSS-120b,judge_Sanskrit_GPT-OSS-120b,trans_Sanskrit_Kimi-k2,judge_Sanskrit_Kimi-k2,trans_Sanskrit_Qwen3-32b,judge_Sanskrit_Qwen3-32b,trans_Sanskrit_Gemini-3-Flash-Preview,judge_Sanskrit_Gemini-3-Flash-Preview
1,"Manopubbaṅgamā dhammā, manoseṭṭhā manomayā; Manasā ce paduṭṭhena, bhāsati vā karoti vā; Tato naṃ dukkhamanveti, cakkaṃva vahato padaṃ.",Manaḥpūrvāṅgamā dharmā manaḥśreṣṭhā manojavāḥ; Manasā hi praduṣṭena bhāṣate vā karoti vā; Tato'sya duḥkham anveti cakram iva vahataḥ padam.,"Ý dẫn đầu các pháp, Ý làm chủ, ý tạo; Nếu với ý ô nhiễm, Nói lên hay hành động, Khổ não bước theo sau, Như xe, chân vật kéo.","Tâm trí dẫn đầu mọi hành động, tâm trí làm chủ và tạo tác tất cả. Nếu nói năng hay hành động với tâm địa xấu xa, khổ đau sẽ đi theo ngay sau đó, giống như bánh xe lăn theo chân con vật kéo xe.",Mind (Impure),Dhammapada 1 / Udanavarga 31.23,"Các pháp đều do tâm dẫn đầu, tâm là tối thượng, tâm tạo ra tất cả. Nếu tâm bị ô nhiễm, thì bất kể nói hay hành động, đều sẽ bị khổ theo đuổi, như bánh xe theo chân ngựa.","{""accuracy"": 5, ""fluency"": 5, ""explanation"": ""Accurate and natural translation. Correctly identifies 'cakka\u1e43va vahato pada\u1e43' as the wheel following the hoof.""}","Các pháp đều do tâm làm tiền đề, tâm là chủ yếu, tâm là do tâm tạo; nếu bằng tâm xấu nói hay làm, thì dương khổ sẽ theo, như bánh xe theo chân xe.","{""accuracy"": 3, ""fluency"": 3, ""explanation"": ""The translation of 'manomay\u0101' as 'do t\u00e2m t\u1ea1o' is acceptable, but 'd\u01b0\u01a1ng kh\u1ed5' is a typo or mistranslation for '\u0111au kh\u1ed5'. 'B\u00e1nh xe theo ch\u00e2n xe' is redundant; it should be 'ch\u00e2n v\u1eadt k\u00e9o'.""}","Mọi pháp đều do tâm dẫn đầu, tâm là chủ, do tâm tạo; nếu với tâm ô nhiễm người ta nói hay làm, thì khổ đau theo đuổi người ấy như bánh xe theo dấu chân con vật kéo xe.","{""accuracy"": 5, ""fluency"": 5, ""explanation"": ""Accurately captures the meaning of the Pali verse with natural, prose-style Vietnamese.""}","Các pháp do tâm khởi đầu, tâm là chủ, do tâm tạo thành; Nếu tâm ô nhiễm, kẻ ấy nói năng hay hành động; Từ đó, khổ đau theo đuổi, như bánh xe theo bánh ngựa chạy.","{""accuracy"": 4, ""fluency"": 4, ""explanation"": ""Accurate, but 'b\u00e1nh xe theo b\u00e1nh ng\u1ef1a' is slightly awkward compared to 'b\u00e1nh xe theo ch\u00e2n v\u1eadt k\u00e9o'.""}","Ý dẫn đầu các pháp, ý làm chủ, ý tạo; nếu với ý ô nhiễm, nói năng hay hành động, khổ não bước theo sau, như xe chân vật kéo.","{""accuracy"": 5, ""fluency"": 5, ""explanation"": ""Accurate and follows the traditional poetic structure of the Dhammapada in Vietnamese.""}","Pháp trước hết là tâm, tâm là tốt đẹp nhất, tâm nhanh như ý; nếu tâm bị ô nhiễm, thì lời nói hay hành động sẽ theo đó mà bị nhiễm, và nỗi khổ sẽ theo đuổi như bánh xe theo chân ngựa.","{""accuracy"": 4, ""fluency"": 4, ""explanation"": ""Accurate meaning, but 't\u00e2m nhanh nh\u01b0 \u00fd' is a slight misinterpretation of 'manojav\u0101\u1e25' (mind-impelled/swift as mind) and 'b\u00e1nh xe theo ch\u00e2n ng\u1ef1a' adds 'horse' which isn't in the text (vahata\u1e25 refers to the ox/beast of burden).""}","Đạo trước tâm, tinh hoa của tâm, nhanh trí; Khi tâm trí xáo trộn, người nói hoặc hành động; Từ đó sinh ra khổ đau như bánh xe được mang bởi bước chân.","{""accuracy"": 3, ""fluency"": 3, ""explanation"": ""The candidate captures the general idea but mistranslates 'dharm\u0101' as '\u0110\u1ea1o' (Way) instead of 'phenomena/mental states'. 'Nhanh tr\u00ed' is a literal but poor translation for 'manojav\u0101\u1e25' (mind-swift). The ending is slightly clunky.""}","Mọi hành động thiện đều bắt đầu từ tâm, tâm là cao nhất và nhanh nhất; nếu tâm bị ô nhiễm, dù chỉ nói hay làm, khổ đau sẽ theo bước như bánh xe đạp trên đường.","{""accuracy"": 4, ""fluency"": 4, ""explanation"": ""Accurate, but 'b\u00e1nh xe \u0111\u1ea1p' (bicycle wheel) is an anachronism for the original 'cakram' (cart wheel).""}","Những điều thiện pháp đều bắt đầu từ tâm, tâm là điều tốt nhất, nhanh nhất. Khi người nào nói hoặc làm việc với tâm ô nhiễm, nỗi khổ sẽ theo họ như bánh xe theo chân.","{""accuracy"": 4, ""fluency"": 4, ""explanation"": ""Accurate, but '\u0111i\u1ec1u thi\u1ec7n ph\u00e1p' is slightly redundant as 'ph\u00e1p' (dharm\u0101) here refers to mental phenomena in general, not just 'good' ones.""}","Tâm dẫn đầu các pháp, tâm làm chủ, tâm tạo tác. Nếu với tâm ô nhiễm, người ta nói năng hay hành động, nỗi khổ sẽ theo sau như bánh xe lăn theo chân con vật kéo.","{""accuracy"": 5, ""fluency"": 5, ""explanation"": ""Accurately translates 'manojav\u0101\u1e25' as 't\u1ea1o t\u00e1c' and maintains the wheel imagery perfectly.""}"
2,"Manopubbaṅgamā dhammā, manoseṭṭhā manomayā; Manasā ce pasannena, bhāsati vā karoti vā; Tato naṃ sukhamanveti, chāyāva anapāyinī.",Manaḥpūrvāṅgamā dharmā manaḥśreṣṭhā manojavāḥ; Manasā hi prasannena bhāṣate vā karoti vā; Tato'sya sukham anveti chāyā iva anapāyinī.,"Ý dẫn đầu các pháp, Ý làm chủ, ý tạo; Nếu với ý thanh tịnh, Nói lên hay hành động, An lạc bước theo sau, Như bóng, không rời hình.","Tâm trí dẫn đầu mọi hành động, tâm trí làm chủ và tạo tác tất cả. Nếu nói năng hay hành động với tâm hồn trong sáng, hạnh phúc sẽ đi theo ngay sau đó, giống như bóng không bao giờ rời hình.",Mind (Pure),Dhammapada 2 / Udanavarga 31.24,"Các pháp đều do tâm dẫn đầu, tâm là tối thượng, tâm tạo ra tất cả. Nếu tâm trong sạch, thì bất kể nói hay hành động, đều sẽ được hạnh phúc theo đuổi, như bóng không rời thân.","{""accuracy"": 5, ""fluency"": 5, ""explanation"": ""Accurate and fluent. Correctly translates 'ch\u0101y\u0101va anap\u0101yin\u012b' as the shadow not leaving the body.""}","Nếu bằng tâm vui vẻ nói hay làm, thì hạnh phúc sẽ theo, như bóng không rời.","{""accuracy"": 4, ""fluency"": 4, ""explanation"": ""Accurate and fluent, though it omits the first two lines of the Pali verse found in the source.""}","Mọi pháp đều do tâm dẫn đầu, tâm là chủ, do tâm tạo; nếu với tâm thanh tịnh người ta nói hay làm, thì hạnh phúc theo đuổi người ấy như bóng không rời hình.","{""accuracy"": 5, ""fluency"": 5, ""explanation"": ""Perfectly mirrors the structure of the first item, maintaining accuracy and clarity.""}","Các pháp do tâm khởi đầu, tâm là chủ, do tâm tạo thành; Nếu tâm thanh tịnh, kẻ ấy nói năng hay hành động; Từ đó, hạnh phúc theo đuổi, như bóng theo hình không rời.","{""accuracy"": 5, ""fluency"": 5, ""explanation"": ""Accurate and flows naturally in Vietnamese.""}","Ý dẫn đầu các pháp, ý làm chủ, ý tạo; nếu với ý thanh tịnh, nói năng hay hành động, hạnh phúc bước theo sau, như bóng không rời hình.","{""accuracy"": 5, ""fluency"": 5, ""explanation"": ""Perfectly captures the meaning and maintains the rhythmic flow of the original verse.""}","Pháp trước hết là tâm, tâm là tốt đẹp nhất, tâm nhanh như ý; nếu tâm trong sáng, thì lời nói hay hành động sẽ theo đó mà tốt đẹp, và hạnh phúc sẽ theo đuổi như bóng không bao giờ rời.","{""accuracy"": 5, ""fluency"": 4, ""explanation"": ""Accurate translation of the positive counterpart to Item 1. Fluency is good, though slightly prose-heavy compared to the verse structure.""}","Đạo trước tâm, tinh hoa của tâm, nhanh trí; Khi tâm trí vui vẻ, người nói hoặc hành động; Từ đó sinh ra hạnh phúc như bóng tối không rời.","{""accuracy"": 3, ""fluency"": 3, ""explanation"": ""Similar to Item 1, '\u0110\u1ea1o' is inaccurate for 'dharm\u0101'. 'B\u00f3ng t\u1ed1i' (darkness) is a mistranslation of 'ch\u0101y\u0101' (shadow), which changes the metaphor's nuance.""}","Mọi hành động thiện đều bắt đầu từ tâm, tâm là cao nhất và nhanh nhất; nếu tâm trong sáng, dù chỉ nói hay làm, hạnh phúc sẽ theo bước như bóng mát không bao giờ rời.","{""accuracy"": 4, ""fluency"": 4, ""explanation"": ""Good translation, though 'b\u00f3ng m\u00e1t' (cool shade) adds a nuance not in the original 'ch\u0101y\u0101' (shadow).""}","Những điều thiện pháp đều bắt đầu từ tâm, tâm là điều tốt nhất, nhanh nhất. Khi người nào nói hoặc làm việc với tâm thanh tịnh, niềm vui sẽ theo họ như bóng hình không rời.","{""accuracy"": 4, ""fluency"": 4, ""explanation"": ""Similar to Item 1, '\u0111i\u1ec1u thi\u1ec7n ph\u00e1p' is a bit specific for 'dharm\u0101', but the overall meaning and flow are good.""}","Tâm dẫn đầu các pháp, tâm làm chủ, tâm tạo tác. Nếu với tâm thanh tịnh, người ta nói năng hay hành động, hạnh phúc sẽ theo sau như bóng không rời hình.","{""accuracy"": 5, ""fluency"": 5, ""explanation"": ""Perfectly captures the contrast with the previous verse, using 'thanh t\u1ecbnh' for 'prasannena'.""}"
3,"Akkocchi maṃ avadhi maṃ, ajini maṃ ahāsi me; Ye ca taṃ upanayhanti, veraṃ tesaṃ na sammati.","Ākrośan mām avocan mām, ayojan mām ajāpayet; Atra ye hy upanahyanti, vairaṃ teṣāṃ na śāmyati.","Nó mắng tôi, đánh tôi, Nó thắng tôi, cướp tôi. Ai ôm hiềm hận ấy, Hận thù không thể nguôi.","""Hắn mắng tôi, đánh tôi, hắn thắng tôi, cướp của tôi"". Ai cứ giữ mãi những ý nghĩ oán hờn đó trong lòng thì hận thù không bao giờ chấm dứt.",Hatred (Holding),Dhammapada 3 / Udanavarga 14.9,"Đừng khiêu khích ta, đừng đánh ta, đừng làm cho ta phải chịu đựng. Những ai tiếp tục gây ra sự thù hận, sẽ không bao giờ được yên ổn.","{""accuracy"": 2, ""fluency"": 3, ""explanation"": ""Incorrectly translates the first line as a command ('\u0110\u1eebng...') instead of a description of past grievances ('He abused me...').""}","Họ xúc phạm tôi, đánh tôi, gọi tôi là kẻ tội lỗi; những người nuôi thù hận với tôi không có quyền.","{""accuracy"": 2, ""fluency"": 3, ""explanation"": ""Mistranslates 'ajini ma\u1e43' (he defeated me) as 'calling me a sinner' and 'na sammati' (is not stilled) as 'do not have the right'.""}","Người ta mắng ta, đánh ta, thắng ta, cướp của ta; những ai ôm giữ điều ấy, hận thù đối với họ không thể nguôi.","{""accuracy"": 5, ""fluency"": 4, ""explanation"": ""Accurate translation. The use of 'ta' for 'me' is acceptable, though slightly formal.""}","Người không oán thù tôi, không làm hại tôi, không nói điều ác với tôi; Những kẻ nào đến gần người ấy, tôi không coi họ là kẻ thù.","{""accuracy"": 1, ""fluency"": 3, ""explanation"": ""Completely incorrect meaning. The source describes someone being abused/robbed, but the candidate says the person did NOT do those things.""}","Nó mắng tôi, đánh tôi, nó thắng tôi, cướp tôi; ai ôm hiềm hận ấy, hận thù không thể nguôi.","{""accuracy"": 5, ""fluency"": 5, ""explanation"": ""Accurate translation of the Pali terms for abuse and theft, presented in a natural way.""}","Họ la mắng tôi, họ nói xấu tôi, họ ghen ghét tôi; những ai ghen ghét ở đây, thù hận của họ sẽ không bao giờ dứt.","{""accuracy"": 3, ""fluency"": 3, ""explanation"": ""The candidate misses the specific nuances of 'ayojan' (bound/oppressed) and 'aj\u0101payet' (conquered/robbed), generalizing them as 'ghen gh\u00e9t' (envy/jealousy).""}","Đừng chỉ trích tôi, đừng nói xấu tôi, đừng ra lệnh tôi hành động; Ở đây những kẻ thù địch không bao giờ yên ấm.","{""accuracy"": 2, ""fluency"": 2, ""explanation"": ""The candidate translates the source as a command ('\u0110\u1eebng' - Don't), whereas the Sanskrit describes past actions ('He abused me, he struck me'). This is a significant grammatical error.""}","Người chửi mắng ta, nói xấu ta, sai khiến ta; những ai ôm giữ hận thù ở đây thì mối thù của họ không bao giờ lắng dịu.","{""accuracy"": 4, ""fluency"": 4, ""explanation"": ""Accurate, though 'sai khi\u1ebfn ta' (commanding me) is a slightly loose interpretation of 'ayojan' (bound/harnessed me).""}","Những kẻ la hét, mắng nhiếc tôi, không thể tiêu diệt tôi. Những ai đến đây với lòng thù hận, lòng thù hận của họ sẽ không bao giờ dứt.","{""accuracy"": 3, ""fluency"": 3, ""explanation"": ""Misses the specific nuances of 'ayojan' (bound/restrained) and 'aj\u0101payet' (conquered/robbed). 'Kh\u00f4ng th\u1ec3 ti\u00eau di\u1ec7t t\u00f4i' is a loose interpretation.""}","Nó mắng tôi, đánh tôi, nó thắng tôi, cướp tôi; ai còn ôm ấp tâm niệm ấy, hận thù không thể nguôi.","{""accuracy"": 5, ""fluency"": 5, ""explanation"": ""Accurate translation of the list of grievances and the concept of 'upanahyanti' (harboring/clinging).""}"
4,"Akkocchi maṃ avadhi maṃ, ajini maṃ ahāsi me; Ye ca taṃ nūpanayhanti, veraṃ tesūpasammati.","Ākrośan mām avocan mām, ayojan mām ajāpayet; Atra ye na hy upanahyanti, vairaṃ teṣāṃ praśāmyati.","Nó mắng tôi, đánh tôi, Nó thắng tôi, cướp tôi. Không ôm hiềm hận ấy, Hận thù được tự nguôi.","""Hắn mắng tôi, đánh tôi, hắn thắng tôi, cướp của tôi"". Ai không giữ những ý nghĩ oán hờn đó trong lòng thì hận thù sẽ tự nhiên tan biến.",Hatred (Releasing),Dhammapada 4 / Udanavarga 14.10,"Đừng khiêu khích ta, đừng đánh ta, đừng làm cho ta phải chịu đựng. Những ai không tiếp tục gây ra sự thù hận, sẽ được yên ổn.","{""accuracy"": 2, ""fluency"": 3, ""explanation"": ""Same error as Item 3; misinterprets the past tense verbs as imperatives.""}","Họ xúc phạm tôi, đánh tôi, gọi tôi là kẻ tội lỗi; và những người nuôi thù hận với tôi, họ được cho là có lý.","{""accuracy"": 2, ""fluency"": 3, ""explanation"": ""Similar errors to Item 3; 'tes\u016bpasammati' (is stilled) is incorrectly translated as 'considered to be right'.""}","Người ta mắng ta, đánh ta, thắng ta, cướp của ta; những ai không ôm giữ điều ấy, hận thù đối với họ sẽ lắng dịu.","{""accuracy"": 5, ""fluency"": 5, ""explanation"": ""Accurately translates the negation 'n\u016bpanayhanti' and the result 'upasammati'.""}","Người không oán thù tôi, không làm hại tôi, không nói điều ác với tôi; Những kẻ nào xa lánh người ấy, tôi coi họ là kẻ thù.","{""accuracy"": 1, ""fluency"": 3, ""explanation"": ""Completely incorrect meaning. It reverses the logic of the Pali text regarding non-hatred and enemies.""}","Nó mắng tôi, đánh tôi, nó thắng tôi, cướp tôi; không ôm hiềm hận ấy, hận thù tự nhiên nguôi.","{""accuracy"": 5, ""fluency"": 5, ""explanation"": ""Correctly translates the negation 'n\u016bpanayhanti' and the cessation of hatred.""}","Họ la mắng tôi, họ nói xấu tôi, họ ghen ghét tôi; những ai không ghen ghét ở đây, thù hận của họ sẽ được dứt.","{""accuracy"": 3, ""fluency"": 3, ""explanation"": ""Similar to Item 3, it misses the specific verbs of the first half, though the second half correctly identifies the cessation of hatred.""}","Đừng chỉ trích tôi, đừng nói xấu tôi, đừng ra lệnh tôi hành động; Ở đây những người không thù địch, sự thù hận của họ được làm dịu.","{""accuracy"": 2, ""fluency"": 2, ""explanation"": ""Same error as Item 3; it treats the description of past grievances as a set of prohibitions.""}","Người chửi mắm ta, nói xấu ta, sai khiến ta; những ai không ôm giữ hận thù ở đây thì mối thù của họ sẽ lắng dịu.","{""accuracy"": 4, ""fluency"": 3, ""explanation"": ""Contains a typo: 'ch\u1eedi m\u1eafm' instead of 'ch\u1eedi m\u1eafng'. Otherwise accurate.""}","Những kẻ la hét, mắng nhiếc tôi, không thể tiêu diệt tôi. Những ai đến đây mà không mang lòng thù hận, lòng thù hận của họ sẽ dần dứt.","{""accuracy"": 3, ""fluency"": 3, ""explanation"": ""Same issues as Item 3 regarding the first half of the verse. The second half is accurate.""}","Nó mắng tôi, đánh tôi, nó thắng tôi, cướp tôi; ai không ôm ấp tâm niệm ấy, hận thù sẽ tự nguôi.","{""accuracy"": 5, ""fluency"": 5, ""explanation"": ""Correctly handles the negation 'na hy upanahyanti' and the resulting peace.""}"
5,"Na hi verena verāni, sammantīdha kudācanaṃ; Averena ca sammanti, esa dhammo sanantano.","Na hi vaireṇa vairāṇi, śāmyantīha kadācana; Avaireṇa ca śāmyanti, eṣa dharmaḥ sanātanaḥ.","Với hận diệt hận thù, Ðời này không có được. Không hận diệt hận thù, Là định luật ngàn thu.","Trên đời này, lấy oán báo oán thì hận thù không bao giờ dứt. Chỉ có lấy ân từ để xóa bỏ hận thù, đó là định luật ngàn xưa.",Non-violence,Dhammapada 5 / Udanavarga 14.12,"Không có sự thù hận nào có thể dập tắt sự thù hận, sự thù hận chỉ có thể được dập tắt bằng không thù hận. Đây là một quy luật vĩnh cửu.","{""accuracy"": 5, ""fluency"": 4, ""explanation"": ""Accurate meaning, though the phrasing 'kh\u00f4ng th\u00f9 h\u1eadn' is slightly less poetic than 't\u1eeb bi' or 'kh\u00f4ng h\u1eadn'.""}","Không có thù hận sinh ra từ thù hận, chẳng bao giờ; mà bằng không thù hận thì sinh thù hận, đó là pháp bất diệt.","{""accuracy"": 3, ""fluency"": 3, ""explanation"": ""The logic in the second half is reversed/confused in Vietnamese: 'b\u1eb1ng kh\u00f4ng th\u00f9 h\u1eadn th\u00ec sinh th\u00f9 h\u1eadn' means 'by non-hatred, hatred is born', which is the opposite of the Pali.""}","Không bao giờ hận thù được xoa dịu bằng hận thù ở đời; chỉ bởi không hận thù mới xoa dịu được hận thù, đây là định luật từ thuở trước.","{""accuracy"": 5, ""fluency"": 5, ""explanation"": ""Captures the timeless essence of 'sanantano' well with '\u0111\u1ecbnh lu\u1eadt t\u1eeb thu\u1edf tr\u01b0\u1edbc'.""}","Thật vậy, oán thù không dứt oán thù ở đời này hay đời nào; Chỉ bằng không oán thù, oán thù mới được dứt. Đây là pháp vĩnh viễn.","{""accuracy"": 5, ""fluency"": 4, ""explanation"": ""Accurate translation of the eternal law of non-hatred.""}","Với hận diệt hận thù, đời này không có được; không hận diệt hận thù, là định luật ngàn thu.","{""accuracy"": 5, ""fluency"": 5, ""explanation"": ""A classic and accurate rendering of the eternal law (sanantano).""}","Thù hận không bao giờ được dứt bằng thù hận, pháp luật muôn đời là như vậy; thù hận được dứt bằng không thù hận.","{""accuracy"": 4, ""fluency"": 4, ""explanation"": ""Accurate, but translating 'dharma' as 'ph\u00e1p lu\u1eadt' (secular law) is slightly less appropriate than '\u0111\u1ecbnh lu\u1eadt' or 'ph\u00e1p' in a Buddhist context.""}","Không phải bằng kẻ thù mà kẻ thù được làm dịu ở đây bao giờ; Mà bằng không có kẻ thù thì chúng được làm dịu, đây là đạo vĩnh cửu.","{""accuracy"": 3, ""fluency"": 2, ""explanation"": ""The translation of 'vaira' as 'k\u1ebb th\u00f9' (enemy) rather than 'h\u1eadn th\u00f9' (hatred/enmity) makes the sentence awkward. The phrasing 'kh\u00f4ng ph\u1ea3i b\u1eb1ng k\u1ebb th\u00f9' is very unnatural in Vietnamese.""}","Không bao giờ hận thù có thể dập tắt hận thù; chỉ có không hận thù mới dập tắt được hận thù, đây là đạo lý cổ xưa.","{""accuracy"": 5, ""fluency"": 5, ""explanation"": ""Excellent and natural translation of this famous verse.""}","Thù hận không thể dứt bằng thù hận, chỉ có lòng không thù hận mới dứt thù hận. Đó là luật bất diệt.","{""accuracy"": 5, ""fluency"": 5, ""explanation"": ""Excellent translation, captures the essence of the 'San\u0101tana Dharma' perfectly in natural Vietnamese.""}","Với hận diệt hận thù, đời này không bao giờ có; không hận diệt hận thù, là định luật ngàn thu.","{""accuracy"": 5, ""fluency"": 5, ""explanation"": ""Captures the eternal law (san\u0101tana\u1e25) accurately with natural Vietnamese phrasing.""}"
6,"Pare ca na vijānanti, mayamettha yamāmase; Ye ca tattha vijānanti, tato sammanti medhagā.","Pare ca na vijānanti, vayam atra yamāmahe; Ye ca tatra vijānanti, tataḥ śāmyanti medhakāḥ.","Và người khác không biết, Chúng ta đây bị hại. Chỗ ấy, ai hiểu được, Tranh luận được lắng êm.",Người đời thường không biết rằng chúng ta rồi sẽ chết. Chỉ những ai thấu hiểu điều này thì mọi tranh chấp mới lắng xuống ngay.,Quarrels/Death,Dhammapada 6 / Udanavarga 14.15,"Những người khác không biết, nhưng chúng ta biết rõ, những ai hiểu biết sẽ được yên ổn, những người khôn ngoan sẽ được yên ổn.","{""accuracy"": 3, ""fluency"": 3, ""explanation"": ""Misses the specific nuance of 'yam\u0101mase' (we are perishing/dying here) and repeats 'y\u00ean \u1ed5n' redundantly.""}","Những người khác không biết, đừng trách tôi ở đây; những người biết ở đó, thì họ là người khôn ngoan.","{""accuracy"": 2, ""fluency"": 3, ""explanation"": ""Mistranslates 'yam\u0101mase' (we perish/restrain) as 'don't blame me' and 'medhag\u0101' (quarrels) as 'wise people'.""}","Người khác không hiểu rằng chúng ta phải kiềm chế ở đây; những ai hiểu điều ấy, thì các cuộc tranh chấp sẽ được hòa giải.","{""accuracy"": 4, ""fluency"": 4, ""explanation"": ""The phrase 'ki\u1ec1m ch\u1ebf' is a specific interpretation of 'yam\u0101mase' (we restrain ourselves/we pass away), but fits the context of ending disputes.""}","Người khác không hiểu, chúng ta ở đây không biết; Những ai hiểu rõ, họ là người trí.","{""accuracy"": 3, ""fluency"": 3, ""explanation"": ""The second half is vague. It misses the specific point about 'quarrels being stilled' (sammanti medhag\u0101).""}","Người khác không hiểu biết, chúng ta đây sắp chết; những ai hiểu biết vậy, tranh luận được lắng êm.","{""accuracy"": 5, ""fluency"": 5, ""explanation"": ""Accurately translates 'yam\u0101mase' (we are perishing/dying) which is often missed in loose translations.""}","Người khác không hiểu, chúng ta ở đây tự kiềm chế; những ai hiểu ở nơi đó, sẽ được an yên, đó là trí tuệ.","{""accuracy"": 3, ""fluency"": 3, ""explanation"": ""The translation of 'yam\u0101mahe' as 't\u1ef1 ki\u1ec1m ch\u1ebf' is one interpretation, but the candidate misses the nuance of 'medhak\u0101\u1e25' (quarrels/strife) at the end, translating it vaguely as 'an y\u00ean'.""}","Những người khác không biết, chúng tôi ở đây giam giữ; Những người biết, những con ong sẽ được làm dịu.","{""accuracy"": 2, ""fluency"": 2, ""explanation"": ""Major error: 'medhak\u0101\u1e25' (quarrels/strife) is mistranslated as 'con ong' (bees). 'Yam\u0101mahe' (we restrain ourselves/perish) is translated as 'giam gi\u1eef' (detain), which is incorrect in context.""}",Người khác không hiểu được điều chúng ta kiềm chế ở đây; những ai hiểu được điều ấy thì mối thù sẽ lắng dịu.,"{""accuracy"": 3, ""fluency"": 3, ""explanation"": ""The candidate interprets 'yam\u0101mahe' as restraint/control, which is one meaning, but misses the context of 'restraining ourselves [from life/quarreling]' or 'we are dying here'.""}","Người khác không hiểu chúng ta đang làm gì ở đây. Những ai hiểu rõ ở đó, người trí sẽ an tịnh.","{""accuracy"": 3, ""fluency"": 3, ""explanation"": ""The phrase 'vayam atra yam\u0101mahe' (we perish/restrain ourselves here) is translated vaguely as 'doing what'. 'Medhak\u0101\u1e25' (quarrels) is translated as 'ng\u01b0\u1eddi tr\u00ed' (wise person), which is incorrect.""}","Người khác không hiểu rằng chúng ta ở đây để kiềm chế bản thân; nhưng những ai hiểu được điều đó, mọi tranh luân sẽ chấm dứt.","{""accuracy"": 5, ""fluency"": 5, ""explanation"": ""Correctly interprets 'yam\u0101mahe' as self-restraint/discipline in this context, which is more precise than the reference.""}"
7,"Subhānupassiṃ viharantaṃ, indriyesu asaṃvutaṃ; Bhojanamhi cāmattaññuṃ, kusītaṃ hīnavīriyaṃ; Taṃ ve pasahati māro, vāto rukkhaṃva dubbalaṃ.","Śubhānupaśyī viharann, indriyeṣv asaṃvṛtaḥ; Bhojane cāpi amātrajñaḥ, kuśīto hīnavīryavān; Taṃ vai prasahate rāgo, vātaḥ śuṣkam iva drumam.","Ai sống nhìn tịnh tướng, Không hộ trì các căn, Ăn uống thiếu tiết độ, Biếng nhác, chẳng tinh cần, Ma uy hiếp kẻ ấy, Như cây yếu trước gió.","Người sống chỉ chạy theo vẻ đẹp bề ngoài, không kiểm soát các giác quan, ăn uống không biết điểm dừng, lười biếng và yếu đuối, Ma Vương sẽ quật ngã kẻ ấy dễ như gió quật đổ cây yếu.",Temptation (Weak),Dhammapada 7 / Udanavarga 29.15,"Người nào sống trong sự tán tỉnh của những điều đẹp đẽ, nhưng không kiểm soát được các giác quan, biết vừa phải trong việc ăn uống, lười biếng và thiếu sức mạnh, thì Ma vương sẽ tấn công người đó, như gió tấn công cây yếu.","{""accuracy"": 4, ""fluency"": 3, ""explanation"": ""Translates 'subh\u0101nupassi\u1e43' as 't\u00e1n t\u1ec9nh' (flirting/courting), which is a bit odd in a Buddhist context; 'qu\u00e1n t\u1ecbnh' is better.""}","Sống trong sự nhận thức tốt, các giác quan không xao lạc; trong ăn uống có một chút tham lam, một chút lười biếng; Mara sẽ phá hủy điều đó, như gió làm gãy cây yếu.","{""accuracy"": 3, ""fluency"": 3, ""explanation"": ""Translates 'subh\u0101nupassi\u1e43' (contemplating the pleasant) as 'nh\u1eadn th\u1ee9c t\u1ed1t' (good perception), which misses the Buddhist technical meaning of 'attractive/pure features'.""}","Người sống chăm chú vào cái đẹp, không chế ngự các căn, ăn uống không biết vừa phải, biếng nhác, tinh thần sa sút; Ma vương chinh phục người ấy như gió làm đổ cây yếu ớt.","{""accuracy"": 5, ""fluency"": 5, ""explanation"": ""Excellent use of vocabulary like 'ch\u1ebf ng\u1ef1 c\u00e1c c\u0103n' and 'tinh th\u1ea7n sa s\u00fat'.""}","Người sống không quán xét sự xấu, các căn không được chế ngự; Ăn uống không tiết độ, lười biếng;魔王 (Māra) liền tấn công người ấy, như gió thổi vào cây yếu.","{""accuracy"": 3, ""fluency"": 3, ""explanation"": ""Incorrectly translates 'Subh\u0101nupassi\u1e43' (contemplating the pleasant) as 'kh\u00f4ng qu\u00e1n x\u00e9t s\u1ef1 x\u1ea5u'. Includes Chinese characters (\u9b54\u738b) which is non-standard for Vietnamese text.""}","Ai sống nhìn tịnh tướng, không hộ trì các căn, ăn uống không tiết độ, biếng nhác chẳng tinh cần; Ma vương dễ nhiếp phục, như gió thổi cây yếu.","{""accuracy"": 5, ""fluency"": 5, ""explanation"": ""Strong imagery and accurate translation of the qualities leading to Mara's influence.""}","Người sống gần gũi với điều tốt đẹp, nhưng không kiểm soát được các giác quan; ăn uống không có chừng mực, tâm trí yếu kém; người đó sẽ bị tham dục chi phối, như gió làm khô một cây.","{""accuracy"": 4, ""fluency"": 4, ""explanation"": ""Good accuracy. 'G\u1ea7n g\u0169i v\u1edbi \u0111i\u1ec1u t\u1ed1t \u0111\u1eb9p' for '\u015aubh\u0101nupa\u015by\u012b' (contemplating the pleasant) is slightly off; it usually refers to focusing on attractive aspects that trigger lust.""}","Người nhìn thấy điều tốt, sống với các giác quan không bị che phủ; Khi ăn uống cũng không nhận ra mẹ, vui mừng nhưng sức lực yếu; Cơn giận làm nó tan vỡ, gió như trống khô.","{""accuracy"": 2, ""fluency"": 2, ""explanation"": ""Significant errors: 'am\u0101traj\u00f1a\u1e25' (immoderate) is mistranslated as 'kh\u00f4ng nh\u1eadn ra m\u1eb9' (not recognizing mother). 'R\u0101go' (passion/lust) is translated as 'c\u01a1n gi\u1eadn' (anger). 'Drumam' (tree) is translated as 'tr\u1ed1ng' (drum).""}","Kẻ chỉ thấy cái đẹp, sống buông thả các giác quan, ăn uống không điều độ, lười biếng và thiếu nghị lực; dục vọng dễ dàng đánh gục người ấy như gió làm gãy cây khô.","{""accuracy"": 5, ""fluency"": 5, ""explanation"": ""Very accurate and uses evocative Vietnamese vocabulary ('\u0111\u00e1nh g\u1ee5c', 'bu\u00f4ng th\u1ea3').""}","Người nhìn thấy điều lành, sống không kiềm chế các căn; ăn uống vô độ, yếu đuối. Tham dục sẽ bám theo họ như gió thổi vào cây khô.","{""accuracy"": 4, ""fluency"": 4, ""explanation"": ""Good, but '\u015aubh\u0101nupa\u015by\u012b' refers to dwelling on the 'attractive/pleasant' aspects of things, which '\u0111i\u1ec1u l\u00e0nh' doesn't quite capture in this context.""}","Người sống chỉ tìm cầu lạc thú, không hộ trì các căn, ăn uống không tiết độ, lười biếng và nhu nhược; người đó sẽ bị dục vọng khuất phục như gió thổi đổ cây yếu.","{""accuracy"": 5, ""fluency"": 5, ""explanation"": ""Excellent translation of '\u015bubh\u0101nupa\u015by\u012b' (looking for pleasure/beauty) and the simile of the weak tree.""}"
8,"Asubhānupassiṃ viharantaṃ, indriyesu susaṃvutaṃ; Bhojanamhi ca mattaññuṃ, saddhaṃ āraddhavīriyaṃ; Taṃ ve nappasahati māro, vāto selaṃva pabbataṃ.","Aśubhānupaśyī viharann, indriyeṣu susaṃvṛtaḥ; Bhojane cāpi mātrajñaḥ, śrāddha ārabdhavīryavān; Taṃ na prasahate rāgo, vātaḥ śailam iva parvatam.","Ai sống quán bất tịnh, Khéo hộ trì các căn, Ăn uống có tiết độ, Có lòng tin, tinh cần, Ma không uy hiếp được, Như núi đá trước gió.","Người sống quán chiếu sự không trong sạch của thân xác, khéo kiểm soát giác quan, ăn uống chừng mực, có đức tin và siêng năng, Ma Vương không thể lay chuyển được, như gió thổi vào núi đá.",Temptation (Strong),Dhammapada 8 / Udanavarga 29.16,"Người nào sống trong sự tán tỉnh của những điều không đẹp đẽ, nhưng kiểm soát được các giác quan, biết vừa phải trong việc ăn uống, có lòng tin và sức mạnh, thì Ma vương sẽ không tấn công người đó, như gió không thể lay động được núi đá.","{""accuracy"": 4, ""fluency"": 3, ""explanation"": ""Similar to Item 7, 't\u00e1n t\u1ec9nh' is an unusual choice for 'asubh\u0101nupassi\u1e43' (contemplating the foul).""}","Sống trong nhận thức không tốt, các giác quan được kiềm chế; trong ăn uống có một chút ngu dốt, nhưng có niềm tin vững chắc và nỗ lực; Mara không thể phá hủy điều đó, như gió không làm di chuyển núi.","{""accuracy"": 3, ""fluency"": 3, ""explanation"": ""Translates 'asubh\u0101nupassi\u1e43' (contemplating the unpleasant) as 'nh\u1eadn th\u1ee9c kh\u00f4ng t\u1ed1t' (not good perception) and 'matta\u00f1\u00f1u\u1e43' (moderate) as 'ngu d\u1ed1t' (ignorant).""}","Người sống quán bất tịnh, chế ngự các căn, ăn uống biết vừa phải, có lòng tin, tinh tấn; Ma vương không chinh phục được người ấy như gió không lay chuyển được núi đá.","{""accuracy"": 5, ""fluency"": 5, ""explanation"": ""Accurate and fluent, providing a strong contrast to the previous verse.""}","Người sống quán xét sự xấu, các căn được chế ngự tốt; Ăn uống có giới hạn, tinh tấn;魔王 không thể tấn công người ấy, như gió không lay chuyển được núi.","{""accuracy"": 4, ""fluency"": 4, ""explanation"": ""Accurate, though 's\u1ef1 x\u1ea5u' is a bit informal for 'Asubha'. Again uses Chinese characters for Mara.""}","Ai sống nhìn bất tịnh, khéo hộ trì các căn, ăn uống có tiết độ, có đức tin, tinh cần; Ma vương không nhiếp phục, như gió thổi núi đá.","{""accuracy"": 5, ""fluency"": 5, ""explanation"": ""Accurately contrasts the previous verse with the strength of one who meditates on impurity.""}","Người sống gần gũi với điều不好, nhưng kiểm soát được các giác quan; ăn uống có chừng mực, tâm trí mạnh mẽ; người đó sẽ không bị tham dục chi phối, như gió không làm lay động một ngọn núi.","{""accuracy"": 3, ""fluency"": 2, ""explanation"": ""Contains a Chinese character error ('\u4e0d\u597d') in the Vietnamese text. 'A\u015bubh\u0101nupa\u015by\u012b' means contemplating the unattractive/impurity, not just 'bad things'.""}","Người nhìn thấy điều không lành, sống với các giác quan được bao phủ tốt; Khi ăn uống cũng biết mẹ, với sự sùng kính bắt đầu sức mạnh; Cơn giận không làm tan vỡ, gió như ngọn núi đá.","{""accuracy"": 2, ""fluency"": 2, ""explanation"": ""Repeats the 'm\u1eb9' (mother) error for 'm\u0101traj\u00f1a\u1e25' (moderate). Again, 'r\u0101go' is mistranslated as 'c\u01a1n gi\u1eadn' (anger).""}","Người thấy được cái xấu, sống kềm chế các giác quan, ăn uống điều độ, tin tưởng và có nghị lực; dục vọng không thể đánh gục người ấy như gió không lay chuyển được núi đá.","{""accuracy"": 5, ""fluency"": 5, ""explanation"": ""Perfectly captures the contrast with the previous verse with high fluency.""}","Người nhìn thấy điều dữ, sống kiềm chế các căn; ăn uống đúng mức, mạnh mẽ. Tham dục sẽ không bám theo họ như gió thổi vào núi.","{""accuracy"": 4, ""fluency"": 4, ""explanation"": ""Accurate. 'A\u015bubh\u0101nupa\u015by\u012b' (contemplating the unattractive) is rendered as '\u0111i\u1ec1u d\u1eef', which is acceptable but slightly off-target for the meditative context.""}","Người sống quán chiếu sự bất tịnh, khéo hộ trì các căn, ăn uống có tiết độ, có lòng tin và tinh tấn; người đó dục vọng không thể khuất phục như gió chẳng lay chuyển được núi đá.","{""accuracy"": 5, ""fluency"": 5, ""explanation"": ""Accurately translates the opposite qualities (asubh\u0101nupa\u015by\u012b) and the mountain simile.""}"
9,"Anikkasāvo kāsāvaṃ, yo vatthaṃ paridahissati; Apeto damasaccena, na so kāsāvamarahati.","Aniṣkaṣāyaḥ kāṣāyaṃ, yo vastraṃ paridhāsyati; Apetadamasauratyo, nāsau kāṣāyam arhati.","Ai mặc áo cà sa, Tâm chưa rời uế trược, Không tự chế, không thực, Không xứng áo cà sa.","Người mặc áo cà sa mà tâm còn đầy vết nhơ (tham sân si), thiếu sự chân thật và tự chủ, thì không xứng đáng với chiếc áo ấy.",Robes (Unworthy),Dhammapada 9 / Udanavarga 29.7,"Người mặc áo cà sa nhưng không có sự trong sạch, chỉ che giấu bằng áo cà sa, không có sự kiểm soát, không có sự thật, người đó không xứng đáng mặc áo cà sa.","{""accuracy"": 4, ""fluency"": 4, ""explanation"": ""Accurate, though 'ch\u1ec9 che gi\u1ea5u b\u1eb1ng \u00e1o c\u00e0 sa' is an interpretive addition not explicitly in the Pali.""}","Ai không ăn gạo, người sẽ phá hoại tài sản; nếu không có chân lý của pháp, người ấy không giết gạo.","{""accuracy"": 1, ""fluency"": 2, ""explanation"": ""Major hallucination: 'k\u0101s\u0101va\u1e43' (saffron robe) is mistranslated as 'g\u1ea1o' (rice) and 'arahati' (worthy) as 'gi\u1ebft' (kill).""}","Người chưa rửa sạch các vết nhơ mà mặc y pháp, thiếu chế ngự và chân thật, thì không xứng đáng với y pháp.","{""accuracy"": 5, ""fluency"": 5, ""explanation"": ""Translates 'k\u0101s\u0101va' as 'y ph\u00e1p' and 'anikkas\u0101vo' as 'ch\u01b0a r\u1eeda s\u1ea1ch v\u1ebft nh\u01a1' effectively.""}","Người mất giới đức, mặc áo cà sa; Không còn giữ chân lý, kẻ ấy không xứng đáng với áo cà sa.","{""accuracy"": 4, ""fluency"": 4, ""explanation"": ""Good translation, captures the essence of not being worthy of the robe.""}","Ai chưa rời uế trược, mặc áo cà-sa này, thiếu tự chế, chân thật, không xứng áo cà-sa.","{""accuracy"": 5, ""fluency"": 5, ""explanation"": ""Correctly identifies the wordplay between 'k\u0101s\u0101va' (robe) and 'kas\u0101va' (impurity).""}","Người không có lòng từ bi, mặc áo cà sa; người đó không xứng đáng mặc áo cà sa, vì không có lòng từ bi và khiêm nhường.","{""accuracy"": 3, ""fluency"": 4, ""explanation"": ""Translates 'ani\u1e63ka\u1e63\u0101ya\u1e25' (not free from impurities) as 'kh\u00f4ng c\u00f3 l\u00f2ng t\u1eeb bi' (no compassion), which is a thematic leap rather than a literal translation.""}","Người không là tăng mặc áo cà sa, mặc áo đó; Không trở thành tăng, không xứng đáng với cà sa.","{""accuracy"": 3, ""fluency"": 3, ""explanation"": ""The candidate uses 't\u0103ng' (monk) to explain the concept, which is acceptable for meaning, but misses the specific nuance of 'ka\u1e63\u0101ya' (impurities) vs 'k\u0101\u1e63\u0101ya' (saffron robe).""}","Người chưa từ bỏ ô nhiễm mà mặc y phấn tảo, không có giới hạnh và chánh niệm, thì không xứng đáng với y phấn tảo.","{""accuracy"": 4, ""fluency"": 4, ""explanation"": ""Translates 'k\u0101\u1e63\u0101ya' as 'y ph\u1ea5n t\u1ea3o' (pangsukula robe), which is specific but fits the Buddhist context well.""}","Người mặc áo vàng nhưng không từ bỏ dục vọng và sân hận, kẻ ấy không xứng đáng với chiếc áo vàng.","{""accuracy"": 5, ""fluency"": 5, ""explanation"": ""Very clear and accurate translation of the sentiment regarding the saffron robe.""}","Ai chưa rời bỏ cấu uế mà mặc áo cà sa, thiếu tự chủ và chân thật, người đó không xứng mặc áo cà sa.","{""accuracy"": 5, ""fluency"": 5, ""explanation"": ""Precise translation of 'ani\u1e63ka\u1e63\u0101ya\u1e25' (not free from impurities) and 'k\u0101\u1e63\u0101yam' (saffron robe).""}"
10,"Yo ca vantakasāvassa, sīlesu susamāhito; Upeto damasaccena, sa ve kāsāvamarahati.","Yas tu vāntakaṣāyaḥ syāt, śīleṣu susamāhitaḥ; Upetadamasauratyaḥ, sa vai kāṣāyam arhati.","Ai rời bỏ uế trược, Giới luật khéo nghiêm trì, Tự chế, sống chơn thực, Thật xứng áo cà sa.","Người đã gột rửa hết những vết nhơ trong tâm, giữ gìn đạo đức nghiêm túc, sống chân thật và tự chủ, người ấy mới thực sự xứng đáng khoác áo cà sa.",Robes (Worthy),Dhammapada 10 / Udanavarga 29.8,"Nhưng người nào mặc áo cà sa, có sự trong sạch, có sự kiểm soát, có sự thật, người đó xứng đáng mặc áo cà sa.","{""accuracy"": 5, ""fluency"": 5, ""explanation"": ""Accurate and clear translation of the qualities of one worthy of the robe.""}","Người có khao khát gạo, trong đạo đức đã chánh niệm; nắm giữ chân lý của pháp, người ấy thực sự giết gạo.","{""accuracy"": 1, ""fluency"": 2, ""explanation"": ""Same hallucination as Item 9, treating 'k\u0101s\u0101va' as rice and 'arahati' as killing.""}","Người đã từ bỏ các vết nhơ, vững chắc trong giới luật, đầy đủ chế ngự và chân thật, thì thật sự xứng đáng với y pháp.","{""accuracy"": 5, ""fluency"": 5, ""explanation"": ""Consistent with the previous item, accurately reflecting the positive qualities required.""}","Người giữ giới nghiêm túc, mặc áo cà sa; Đạt được chân lý, kẻ ấy xứng đáng với áo cà sa.","{""accuracy"": 4, ""fluency"": 4, ""explanation"": ""Accurate and clear.""}","Ai đã rời uế trược, giới luật khéo trang nghiêm, đủ tự chế, chân thật, mới xứng áo cà-sa.","{""accuracy"": 5, ""fluency"": 5, ""explanation"": ""Accurately describes the worthiness of the saffron robe through self-restraint and truth.""}","Nhưng người nào mặc áo cà sa, có lòng từ bi và khiêm nhường, tâm trí trong sáng; người đó xứng đáng mặc áo cà sa.","{""accuracy"": 3, ""fluency"": 4, ""explanation"": ""Similar to Item 9, it replaces 'purity from stains' and 'self-restraint' with 'compassion' and 'humility', which are not the direct meanings of the Sanskrit terms.""}","Người là tăng cà sa, giữ giới luật chặt chẽ; Khi trở thành tăng, người ấy xứng đáng với cà sa.","{""accuracy"": 3, ""fluency"": 3, ""explanation"": ""Similar to Item 9, it simplifies the text significantly but conveys the basic message that a monk must be worthy of the robe.""}","Người đã từ bỏ ô nhiễm, an trú trong giới đức, có giới hạnh và chánh niệm, thì mới thật sự xứng đáng với y phấn tảo.","{""accuracy"": 5, ""fluency"": 5, ""explanation"": ""Accurate and maintains a formal, respectful tone.""}","Người mặc áo vàng đã từ bỏ dục vọng và sân hận, kẻ ấy xứng đáng với chiếc áo vàng.","{""accuracy"": 5, ""fluency"": 5, ""explanation"": ""Consistent with Item 9, accurately reflects the qualities of one worthy of the robe.""}","Ai đã gột sạch cấu uế, an trú trong giới luật, đầy đủ tự chủ và chân thật, người đó thật xứng mặc áo cà sa.","{""accuracy"": 5, ""fluency"": 5, ""explanation"": ""Accurately reflects the positive qualities required to wear the robe.""}"
11,"Asāre sāramatino, sāre cāsāradassino; Te sāraṃ nādhigacchanti, micchāsaṅkappagocarā.","Asāre sāramatayaḥ, sāre cāsārasaṃjñinaḥ; Te sāraṃ nādhigacchanti, mithyā saṃkalpagocarāḥ.","Không chân, tưởng chân thật, Chân thật, thấy không chân. Họ không đạt chân thật, Do tà tư, tà hạnh.","Cái giả thì cho là thật, cái thật lại cho là giả. Những người có tư duy sai lệch như vậy sẽ không bao giờ tìm thấy chân lý.",False Views,Dhammapada 11 / Udanavarga 29.3,"Những người không có giá trị, sống giữa những người có giá trị, nhưng không nhận ra giá trị của họ; những người đó không đạt được giá trị, vì họ đi trên con đường tư duy sai lầm.","{""accuracy"": 2, ""fluency"": 3, ""explanation"": ""Misinterprets 's\u0101ra' (essence/truth) as 'gi\u00e1 tr\u1ecb' (value/worth of people), changing the meaning from discerning truth to social status.""}","Những người bám vào cái tôi và những người thấy không có cái tôi đều không đạt được sự thật của bản ngã, họ bị chi phối bởi ý định sai lầm.","{""accuracy"": 3, ""fluency"": 4, ""explanation"": ""Translates 's\u0101ra' (essence/substance) as 'c\u00e1i t\u00f4i' (ego/self), which is a specific philosophical interpretation rather than a literal translation.""}","Kẻ thấy vô nghĩa là quý, quý mà lại thấy vô nghĩa; Họ không đạt được điều quý, vì sống theo tư tưởng sai lầm.","{""accuracy"": 4, ""fluency"": 4, ""explanation"": ""Translates 's\u0101ra' as 'qu\u00fd' (precious/essential), which is accurate, though 'ch\u00e2n th\u1eadt' is more traditional.""}","Những người không hiểu bản chất, không thấy rõ bản chất; Họ không nắm bắt được bản chất, do theo đuổi ý nghĩ sai lầm.","{""accuracy"": 4, ""fluency"": 4, ""explanation"": ""Captures the meaning of 's\u0101ra' (essence/substance) well.""}","Coi không thực là thực, xem thực là không thực; Họ không đạt được thực, do nuôi dưỡng tà tư duy.","{""accuracy"": 5, ""fluency"": 4, ""explanation"": ""Accurate, though 'nu\u00f4i d\u01b0\u1ee1ng t\u00e0 t\u01b0 duy' is slightly more prose-like than the reference's poetic style.""}","Trong những thứ không có giá trị, người ta lại cho là có giá trị. Trong những thứ có giá trị, người ta lại cho là không có giá trị. Những người như vậy không đạt được giá trị thực sự, vì họ bị che khuất bởi những tư tưởng sai lầm.","{""accuracy"": 5, ""fluency"": 5, ""explanation"": ""Excellent translation. Captures the essence of 's\u0101ra' (essence/value) and 'as\u0101ra' (non-essence) very clearly in natural Vietnamese.""}","Những người bám vào vô ngã, và những người bám vào ngã; họ không đạt được ngã, họ là những người khao khát sai lầm.","{""accuracy"": 2, ""fluency"": 3, ""explanation"": ""The candidate introduces 'ng\u00e3' (self) and 'v\u00f4 ng\u00e3' (non-self), which are not in the text. The text refers to 's\u0101ra' (essence/substance) and 'as\u0101ra' (insubstantial).""}","Người ngu tưởng phù phiếm là thật, tưởng thật là phù phiếm; Họ không đạt được điều gì quý giá, vì tư duy sai lầm.","{""accuracy"": 4, ""fluency"": 4, ""explanation"": ""Good use of 'ph\u00f9 phi\u1ebfm' for 'as\u0101ra' (unsubstantial/essence-less).""}","Những người coi bản chất là phi bản chất, phi bản chất là bản chất; họ không thể đạt được bản chất do tư tưởng sai lầm.","{""accuracy"": 4, ""fluency"": 4, ""explanation"": ""Accurate use of 'b\u1ea3n ch\u1ea5t' for 's\u0101ra', though 'tinh hoa' or 'c\u1ed1t l\u00f5i' is more common in Buddhist Vietnamese.""}","Coi cái không cốt lõi là cốt lõi, coi cái cốt lõi là không cốt lõi; họ không đạt đến cái cốt lõi, vì theo đuổi những tà tư duy.","{""accuracy"": 5, ""fluency"": 5, ""explanation"": ""Translates 's\u0101ra' as 'c\u1ed1t l\u00f5i' (essence/core), which is a very accurate philosophical rendering.""}"
12,"Sārañca sārato ñatvā, asārañca asārato; Te sāraṃ adhigacchanti, sammāsaṅkappagocarā.","Sāraṃ ca sārato jñātvā, asāraṃ ca asārataḥ; Te sāraṃ adhigacchanti, samyak saṃkalpagocarāḥ.","Chân thật, biết chân thật, Không chân, biết không chân. Họ đạt được chân thật, Do chánh tư, chánh hạnh.","Cái thật biết là thật, cái giả biết là giả. Những người có tư duy đúng đắn như vậy sẽ tìm thấy chân lý.",Right Views,Dhammapada 12 / Udanavarga 29.4,"Những người nhận ra giá trị từ những người có giá trị, và không có giá trị từ những người không có giá trị; những người đó đạt được giá trị, vì họ đi trên con đường tư duy đúng đắn.","{""accuracy"": 2, ""fluency"": 3, ""explanation"": ""Same error as Item 11; treats 's\u0101ra' as a quality of people rather than the essence of reality/truth.""}","Những người biết được cái tôi và không có cái tôi đạt được sự thật của bản ngã, được dẫn dắt bởi ý định chính xác.","{""accuracy"": 3, ""fluency"": 4, ""explanation"": ""Same as Item 11, uses 'c\u00e1i t\u00f4i' for 's\u0101ra'.""}","Biết rõ cái gì quý là quý, cái gì không quý là không quý; Họ đạt được điều quý, vì sống theo tư tưởng chánh.","{""accuracy"": 4, ""fluency"": 4, ""explanation"": ""Maintains consistency with item 11. 'T\u01b0 t\u01b0\u1edfng ch\u00e1nh' is a bit clipped for 'samm\u0101sa\u1e45kappa'.""}","Những người hiểu bản chất, thấy rõ bản chất; Họ nắm bắt được bản chất, do theo đuổi ý nghĩ đúng đắn.","{""accuracy"": 4, ""fluency"": 4, ""explanation"": ""Consistent with the previous item, accurate.""}","Biết thực là thực, biết không thực là không thực; Họ đạt được thực, nhờ nuôi dưỡng chánh tư duy.","{""accuracy"": 5, ""fluency"": 4, ""explanation"": ""Accurate translation of 's\u0101ra' (essence/truth) and 'samm\u0101sa\u1e45kappa'.""}","Biết rõ giá trị và không giá trị, nhận ra bản chất của chúng; những người như vậy đạt được giá trị thực sự, vì họ có những tư tưởng đúng đắn.","{""accuracy"": 5, ""fluency"": 5, ""explanation"": ""Consistent with Item 11, providing a clear and accurate contrast between essence and non-essence.""}","Biết ngã là ngã và vô ngã là vô ngã; họ đạt được ngã, họ là những người khao khát đúng đắn.","{""accuracy"": 2, ""fluency"": 3, ""explanation"": ""Same error as Item 11; it forces the 'self/non-self' terminology onto a text about 'essence/truth'.""}","Biết rõ thật là thật, phù phiếm là phù phiếm; Họ đạt được điều quý giá, vì tư duy chân chính.","{""accuracy"": 5, ""fluency"": 5, ""explanation"": ""Clear, concise, and accurate.""}",Những người hiểu đúng bản chất và phi bản chất; họ đạt được bản chất nhờ tư tưởng đúng đắn.,"{""accuracy"": 4, ""fluency"": 4, ""explanation"": ""Accurate and mirrors the structure of the Sanskrit verse well.""}","Biết cái cốt lõi là cốt lõi, biết cái không cốt lõi là không cốt lõi; họ đạt đến cái cốt lõi, vì theo đuổi những chánh tư duy.","{""accuracy"": 5, ""fluency"": 5, ""explanation"": ""Consistent with the previous verse, accurately reflecting 'samyak sa\u1e43kalpa' (right intention/thought).""}"
13,"Yathā agāraṃ ducchannaṃ, vuṭṭhī samativijjhati; Evaṃ abhāvitaṃ cittaṃ, rāgo samativijjhati.","Yathāgāraṃ ducchannaṃ, vṛṣṭiḥ samatividhyati; Evam abhāvitaṃ cittaṃ, rāgaḥ samatividhyati.","Như ngôi nhà vụng lợp, Mưa liền xâm nhập vào. Cũng vậy tâm không tu, Tham dục liền xâm nhập.","Như mái nhà lợp vụng về thì mưa sẽ dột vào. Cũng vậy, tâm không được tu dưỡng thì dục vọng sẽ dễ dàng xâm chiếm.",Mind (Leaky),Dhammapada 13 / Udanavarga 31.27,"Giống như một ngôi nhà bị hư hỏng, gió có thể thổi qua dễ dàng; cũng vậy, một tâm trí không được tu dưỡng, tham lam có thể xâm chiếm dễ dàng.","{""accuracy"": 3, ""fluency"": 4, ""explanation"": ""Translates 'vu\u1e6d\u1e6dh\u012b' (rain) as 'gi\u00f3' (wind). While the metaphor holds, it is technically inaccurate.""}","Như một ngôi nhà kém chất lượng sẽ sụp đổ, như vậy tâm không có gì cũng bị chi phối bởi dạ dày (đam mê).","{""accuracy"": 2, ""fluency"": 2, ""explanation"": ""Mistranslates 'r\u0101go' (lust/passion) as 'd\u1ea1 d\u00e0y' (stomach) and 'samativijjhati' (penetrates) as 's\u1ee5p \u0111\u1ed5' (collapse).""}","Như ngôi nhà mái dột, mưa xuyên thấm vào; Cũng vậy tâm không tu, tham dục xâm chiếm.","{""accuracy"": 5, ""fluency"": 5, ""explanation"": ""Very natural Vietnamese imagery for a poorly thatched house.""}","Giống như ngôi nhà không che chắn kỹ, gió lùa vào trong; Cũng vậy, tâm chưa được tu dưỡng, dục vọng tràn vào.","{""accuracy"": 3, ""fluency"": 4, ""explanation"": ""Changes 'rain' (vu\u1e6d\u1e6dh\u012b) to 'wind' (gi\u00f3), which alters the traditional imagery, though the metaphor remains similar.""}","Như ngôi nhà lợp không kỹ, mưa sẽ xâm nhập vào; Cũng vậy, tâm không tu tập, tham dục sẽ xâm nhập vào.","{""accuracy"": 5, ""fluency"": 4, ""explanation"": ""Accurate, though slightly more wordy than the reference; 'l\u1ee3p kh\u00f4ng k\u1ef9' is very clear.""}","Giống như một ngôi nhà không có mái che, mưa sẽ thấm vào khắp nơi. Cũng vậy, một tâm trí không được tu dưỡng sẽ bị tham lam thấm vào.","{""accuracy"": 4, ""fluency"": 4, ""explanation"": ""Accurate. 'Kh\u00f4ng c\u00f3 m\u00e1i che' is slightly different from 'duchanna\u1e43' (badly thatched), but the metaphor remains intact.""}","Như mưa rơi vào nhà hỏng, như vậy tâm không có thiện tính cũng bị dính say.","{""accuracy"": 4, ""fluency"": 4, ""explanation"": ""A good translation. 'D\u00ednh say' is a bit informal for 'r\u0101ga\u1e25' (lust/passion), but the meaning is preserved.""}","Như mái nhà dột, mưa xuyên thấu; Tâm không tu tập, tham dục xuyên thấu.","{""accuracy"": 5, ""fluency"": 5, ""explanation"": ""Captures the metaphor perfectly with natural Vietnamese phrasing.""}","Nhà che không kín, mưa thấm vào; tâm không được bảo vệ, dục vọng thấm vào.","{""accuracy"": 5, ""fluency"": 5, ""explanation"": ""Simple, elegant, and perfectly captures the metaphor of the poorly roofed house.""}","Như ngôi nhà lợp không kỹ, mưa sẽ xâm nhập vào; cũng vậy, tâm không tu tập, tham dục sẽ xâm nhập vào.","{""accuracy"": 5, ""fluency"": 5, ""explanation"": ""Simple and accurate translation of the house/rain analogy for the mind.""}"
14,"Yathā agāraṃ suchannaṃ, vuṭṭhī na samativijjhati; Evaṃ subhāvitaṃ cittaṃ, rāgo na samativijjhati.","Yathāgāraṃ succhannaṃ, vṛṣṭir na samatividhyati; Evaṃ subhāvitaṃ cittaṃ, rāgo na samatividhyati.","Như ngôi nhà khéo lợp, Mưa không xâm nhập vào. Cũng vậy tâm khéo tu, Tham dục không xâm nhập.","Như mái nhà được lợp kỹ càng thì mưa không thể lọt vào. Cũng vậy, tâm được tu dưỡng khéo léo thì dục vọng không thể xâm nhập.",Mind (Guarded),Dhammapada 14 / Udanavarga 31.28,"Giống như một ngôi nhà được xây dựng tốt, gió không thể thổi qua; cũng vậy, một tâm trí được tu dưỡng, tham lam không thể xâm chiếm.","{""accuracy"": 3, ""fluency"": 4, ""explanation"": ""Again, translates 'vu\u1e6d\u1e6dh\u012b' (rain) as 'gi\u00f3' (wind).""}","Như một ngôi nhà được xây dựng tốt không sụp đổ, như vậy một tâm hồn tốt lành không bị dạ dày (đam mê) chi phối.","{""accuracy"": 2, ""fluency"": 2, ""explanation"": ""Same errors as Item 13 regarding 'd\u1ea1 d\u00e0y' and 's\u1ee5p \u0111\u1ed5'.""}","Như ngôi nhà mái kín, mưa không xuyên thấm; Cũng vậy tâm đã tu, tham dục không xâm chiếm.","{""accuracy"": 5, ""fluency"": 5, ""explanation"": ""Accurate and clear; 'm\u00e1i k\u00edn' is a good choice for 'suchanna\u1e43'.""}","Giống như ngôi nhà che chắn kỹ, gió không lùa vào; Cũng vậy, tâm được tu dưỡng tốt, dục vọng không xâm nhập.","{""accuracy"": 3, ""fluency"": 4, ""explanation"": ""Again, changes 'rain' to 'wind'.""}","Như ngôi nhà lợp kỹ, mưa không xâm nhập được; Cũng vậy, tâm khéo tu tập, tham dục không xâm nhập được.","{""accuracy"": 5, ""fluency"": 4, ""explanation"": ""Accurate and clear, effectively using the house metaphor for the mind.""}","Giống như một ngôi nhà có mái che, mưa sẽ không thấm vào. Cũng vậy, một tâm trí được tu dưỡng sẽ không bị tham lam thấm vào.","{""accuracy"": 4, ""fluency"": 4, ""explanation"": ""Accurate and clear. Good parallel to Item 13.""}","Như mưa không thấm vào nhà chắc chắn, như vậy tâm tốt không bị dính say.","{""accuracy"": 4, ""fluency"": 4, ""explanation"": ""Accurate and clear. It captures the metaphor of the well-thatched house effectively.""}","Như mái nhà kín, mưa không xuyên thấu; Tâm đã tu tập, tham dục không xuyên thấu.","{""accuracy"": 5, ""fluency"": 5, ""explanation"": ""Consistent with the previous item; very clear.""}","Nhà che kín, mưa không thấm vào; tâm được bảo vệ tốt, dục vọng không thấm vào.","{""accuracy"": 5, ""fluency"": 5, ""explanation"": ""Perfectly captures the inverse of the previous verse.""}","Như ngôi nhà lợp khéo léo, mưa không thể xâm nhập; cũng vậy, tâm khéo tu tập, tham dục không thể xâm nhập.","{""accuracy"": 5, ""fluency"": 5, ""explanation"": ""Perfectly mirrors the previous verse with the positive 'succhanna\u1e43' (well-roofed).""}"
15,"Idha socati pecca socati, pāpakārī ubhayattha socati; So socati so vihaññati, disvā kammakiliṭṭhamattano.","Iha śocati pretya śocati, pāpakārī ubhayatra śocati; Sa śocati sa vihanyate, dṛṣṭvā karmakliṣṭam ātmanaḥ.","Nay sầu, đời sau sầu, Kẻ ác, hai đời sầu. Nó sầu, nó ưu não, Thấy nghiệp uế mình làm.","Đời này buồn khổ, đời sau cũng buồn khổ, kẻ làm ác chịu khổ cả hai nơi. Người ấy than khóc và ưu phiền khi nhìn thấy những hành động ô uế của chính mình.",Grief (Evil),Dhammapada 15 / Udanavarga 9.5,"Người làm ác sẽ than thở ở đây và sau khi chết, họ than thở ở cả hai nơi; họ than thở và đau khổ khi thấy hành động ác của mình.","{""accuracy"": 5, ""fluency"": 5, ""explanation"": ""Accurate and captures the repetitive structure of the Pali verse well.""}","Ở đây người buồn, sau này người buồn, kẻ làm ác buồn ở cả hai nơi; người buồn tự hủy hoại mình khi thấy hành động ác của mình.","{""accuracy"": 5, ""fluency"": 5, ""explanation"": ""Accurate and natural translation of the verse.""}","Ở đây khóc, chết rồi cũng khóc, kẻ làm ác khóc cả hai nơi; Hắn khóc, hắn đau khổ, khi thấy nghiệp ô uế của mình.","{""accuracy"": 4, ""fluency"": 4, ""explanation"": ""Translates 'socati' as 'kh\u00f3c' (crying), which is more specific than 's\u1ea7u' (sorrow), but conveys the distress.""}","Ở đời này, sau này, kẻ tạo ác nghiệp đều khổ; Kẻ ấy khổ, bị xé nát, nhìn thấy quả báo của chính mình.","{""accuracy"": 4, ""fluency"": 4, ""explanation"": ""Accurate. 'B\u1ecb x\u00e9 n\u00e1t' is a strong choice for 'viha\u00f1\u00f1ati' but acceptable.""}","Nay sầu, đời sau sầu, kẻ làm ác sầu cả hai nơi; Nó sầu, nó khổ não, khi thấy nghiệp uế nhiễm của mình.","{""accuracy"": 5, ""fluency"": 4, ""explanation"": ""Accurately translates 'ubhayattha' (both places/worlds) and the sorrow of the wrongdoer.""}","Người làm ác sẽ than thở ở đây và sẽ than thở sau khi chết, họ sẽ than thở ở cả hai nơi. Họ sẽ than thở và sẽ bị tổn thương khi nhìn thấy những hành động bất thiện của mình.","{""accuracy"": 5, ""fluency"": 4, ""explanation"": ""Accurate translation of the Sanskrit '\u015bocati' (grieves/sorrows) and the realization of one's own defiled actions.""}","Ở đây người buồn, sau khi chết người cũng buồn, kẻ ác làm hại ở cả hai nơi buồn; Kẻ buồn sẽ bị tiêu diệt, khi nhìn thấy tội lỗi nghiệp của mình.","{""accuracy"": 4, ""fluency"": 4, ""explanation"": ""Accurate translation of the dual suffering in this life and the next. 'Ti\u00eau di\u1ec7t' is a bit strong for 'vihanyate' (distressed/afflicted), but acceptable.""}","Ở đời khóc, chết rồi cũng khóc, kẻ làm ác khóc cả hai nơi; Họ khóc, họ đau đớn, khi thấy nghiệp uế của mình.","{""accuracy"": 4, ""fluency"": 4, ""explanation"": ""Translates '\u015bocati' (grieves) as 'kh\u00f3c' (cries), which is a bit narrow but acceptable.""}",Người làm ác khổ đau ở hiện tại và sau khi chết; người ấy đau khổ và bị tiêu diệt khi thấy quả báo của nghiệp xấu.,"{""accuracy"": 4, ""fluency"": 4, ""explanation"": ""Accurate. 'B\u1ecb ti\u00eau di\u1ec7t' is a bit strong for 'vihanyate' (suffers/is distressed), but acceptable.""}","Đời này sầu muộn, đời sau sầu muộn, kẻ làm ác sầu muộn cả hai nơi; người ấy sầu muộn, người ấy bị dày vò khi thấy nghiệp uế nhiễm của chính mình.","{""accuracy"": 5, ""fluency"": 5, ""explanation"": ""Accurately translates 'karmakli\u1e63\u1e6dam' as 'nghi\u1ec7p u\u1ebf nhi\u1ec5m' and the double sorrow.""}"
16,"Idha modati pecca modati, katapuñño ubhayattha modati; So modati so pamodati, disvā kammavisuddhimattano.","Iha modate pretya modate, kṛtapuṇyo ubhayatra modate; Sa modate sa pramodate, dṛṣṭvā karmaviśuddhim ātmanaḥ.","Nay vui, đời sau vui, Làm phước, hai đời vui. Nó vui, nó an vui, Thấy nghiệp tịnh mình làm.","Đời này vui, đời sau cũng vui, người làm phước hưởng vui cả hai nơi. Người ấy an vui và hân hoan khi nhìn thấy những hành động thanh tịnh của chính mình.",Joy (Good),Dhammapada 16 / Udanavarga 9.6,"Người làm善 sẽ vui mừng ở đây và sau khi chết, họ vui mừng ở cả hai nơi; họ vui mừng và hoan hỷ khi thấy hành động thiện của mình.","{""accuracy"": 4, ""fluency"": 4, ""explanation"": ""Accurate, though it contains a Chinese character '\u5584' instead of the Vietnamese word 'thi\u1ec7n'.""}","Ở đây người vui, sau này người vui, người đã làm công đức vui ở cả hai nơi; người vui tự hào khi thấy hành động trong sạch của mình.","{""accuracy"": 5, ""fluency"": 5, ""explanation"": ""Accurate and natural translation of the verse.""}","Ở đây vui, chết rồi cũng vui, người làm phước vui cả hai nơi; Người ấy vui, người ấy hoan hỷ, khi thấy nghiệp thanh tịnh của mình.","{""accuracy"": 5, ""fluency"": 5, ""explanation"": ""Accurately reflects the joy of the merit-maker in both worlds.""}","Ở đời này, sau này, kẻ tạo thiện nghiệp đều vui; Kẻ ấy vui, được hoan hỷ, nhìn thấy quả lành của chính mình.","{""accuracy"": 5, ""fluency"": 5, ""explanation"": ""Accurate and natural.""}","Nay vui, đời sau vui, người làm phước vui cả hai nơi; Nó vui, nó hân hoan, khi thấy nghiệp thanh tịnh của mình.","{""accuracy"": 5, ""fluency"": 4, ""explanation"": ""Accurate translation of 'modati' and 'kammavisuddhi' (purity of action).""}","Người làm điều thiện sẽ vui mừng ở đây và sẽ vui mừng sau khi chết, họ sẽ vui mừng ở cả hai nơi. Họ sẽ vui mừng và sẽ hoan hỷ khi nhìn thấy sự trong sạch của những hành động của mình.","{""accuracy"": 5, ""fluency"": 4, ""explanation"": ""Accurate translation of the joy resulting from pure actions.""}","Ở đây người vui, sau khi chết người cũng vui, người làm việc thiện ở cả hai nơi vui; Kẻ vui mừng, người ấy hạnh phúc, khi thấy sự trong sạch nghiệp của mình.","{""accuracy"": 5, ""fluency"": 5, ""explanation"": ""Very accurate and flows naturally in Vietnamese. Correctly identifies the joy resulting from pure actions.""}","Ở đời vui, chết rồi cũng vui, người có phước vui cả hai nơi; Họ vui, họ hoan hỷ, khi thấy nghiệp thanh tịnh của mình.","{""accuracy"": 5, ""fluency"": 5, ""explanation"": ""Accurate and flows well.""}",Người làm thiện vui sướng ở hiện tại và sau khi chết; người ấy vui vẻ và rất vui khi thấy sự thanh tịnh của nghiệp.,"{""accuracy"": 5, ""fluency"": 5, ""explanation"": ""Accurate and fluent translation of the joy following pure actions.""}","Đời này hoan hỷ, đời sau hoan hỷ, kẻ làm phước hoan hỷ cả hai nơi; người ấy hoan hỷ, người ấy hân hoan khi thấy nghiệp thanh tịnh của chính mình.","{""accuracy"": 5, ""fluency"": 5, ""explanation"": ""Accurately translates 'karmavi\u015buddhim' as 'nghi\u1ec7p thanh t\u1ecbnh' and the double joy.""}"
17,"Idha tappati pecca tappati, pāpakārī ubhayattha tappati; Pāpaṃ me katanti tappati, bhiyyo tappati duggatiṃ gato.",(Unique to Pali - No direct Udanavarga parallel),"Nay than, đời sau than, Kẻ ác, hai đời than. Nó than: ""Ta làm ác"", Ðọa cõi dữ, than hơn.","Đời này than van, đời sau cũng than van, kẻ làm ác chịu khổ cả hai nơi. Hắn than: ""Ta đã làm điều ác"", và càng khổ hơn khi bị đọa vào cõi dữ.",Remorse,Dhammapada 17 / No Parallel,"Người làm ác sẽ hối hận ở đây và sau khi chết, họ hối hận ở cả hai nơi; họ hối hận vì đã làm ác và hối hận hơn nữa khi rơi vào cõi恶 giới.","{""accuracy"": 5, ""fluency"": 5, ""explanation"": ""Accurate translation of 'tappati' as 'h\u1ed1i h\u1eadn' (remorse/suffering).""}","Ở đây người chịu khổ, sau này người chịu khổ, kẻ làm ác chịu khổ ở cả hai nơi; người làm ác chịu khổ, sau này chịu khổ hơn vì rơi vào con đường xấu.","{""accuracy"": 5, ""fluency"": 5, ""explanation"": ""Accurate and natural translation of the verse.""}","Ở đây hối hận, chết rồi cũng hối, kẻ làm ác hối cả hai nơi; ‘Ta đã làm điều ác’ nên hối, đọa vào đường dữ càng hối hơn.","{""accuracy"": 5, ""fluency"": 5, ""explanation"": ""Good translation of 'tappati' as 'h\u1ed1i h\u1eadn' (remorse/torment) in this context.""}","Ở đời này, sau này, kẻ tạo ác nghiệp đều đau khổ; Kẻ ấy đau khổ vì nghĩ: 'Ta đã tạo ác nghiệp', đau khổ hơn khi đi vào ác đạo.","{""accuracy"": 5, ""fluency"": 5, ""explanation"": ""Very accurate translation of the suffering of the evil-doer.""}","Nay hối hận, đời sau hối hận, kẻ làm ác hối hận cả hai nơi; Nó hối hận rằng 'Ác nghiệp đã được ta làm', càng hối hận hơn khi đọa vào ác đạo.","{""accuracy"": 5, ""fluency"": 4, ""explanation"": ""Accurately captures the remorse (tappati) and the increased suffering in the lower realms.""}",Không có bản dịch vì văn bản gốc không có sẵn,"{""accuracy"": 1, ""fluency"": 1, ""explanation"": ""The candidate failed to provide a translation.""}",,"{""accuracy"": 0, ""fluency"": 0, ""explanation"": ""Translation failed""}",,"{""accuracy"": 0, ""fluency"": 0, ""explanation"": ""Translation failed""}",Đây là độc nhất trong tiếng Pali - Không có song song trực tiếp với Udanavarga.,"{""accuracy"": 1, ""fluency"": 1, ""explanation"": ""The candidate failed to translate the text, instead providing a meta-commentary about the source.""}",(Không có văn bản tương ứng),"{""accuracy"": 5, ""fluency"": 5, ""explanation"": ""Correctly identifies that there is no corresponding Sanskrit text provided for this Pali-specific verse.""}"
18,"Idha nandati pecca nandati, katapuñño ubhayattha nandati; Puññaṃ me katanti nandati, bhiyyo nandati suggatiṃ gato.",(Unique to Pali - No direct Udanavarga parallel),"Nay sướng, đời sau sướng, Làm phước, hai đời sướng. Mừng rằng: ""Ta làm thiện"", Sanh cõi lành, sướng hơn.","Đời này sung sướng, đời sau cũng sung sướng, người làm phước hưởng phúc cả hai nơi. Người ấy mừng rằng: ""Ta đã làm điều thiện"", và càng hạnh phúc hơn khi sinh về cõi lành.",Rejoicing,Dhammapada 18 / No Parallel,"Người làm thiện sẽ vui mừng ở đây và sau khi chết, họ vui mừng ở cả hai nơi; họ vui mừng vì đã làm thiện và vui mừng hơn nữa khi lên cõi thiện giới.","{""accuracy"": 5, ""fluency"": 5, ""explanation"": ""Accurate and fluent translation of the joy of the merit-maker.""}","Ở đây người hân hoan, sau này người hân hoan, người đã làm công đức hân hoan ở cả hai nơi; người làm công đức hân hoan, sau này hân hoan trong sự giải thoát tốt.","{""accuracy"": 4, ""fluency"": 4, ""explanation"": ""Good translation, though 'gi\u1ea3i tho\u00e1t' (liberation) for 'suggati\u1e43' (happy state/heaven) is slightly imprecise.""}","Ở đây hoan hỷ, chết rồi cũng hoan, người làm phước hoan cả hai nơi; ‘Ta đã làm điều phước’ nên hoan, được lên thiện thú càng hoan hơn.","{""accuracy"": 5, ""fluency"": 5, ""explanation"": ""Accurately uses 'thi\u1ec7n th\u00fa' for 'suggati\u1e43' and captures the sense of 'nandati'.""}","Ở đời này, sau này, kẻ tạo thiện nghiệp đều vui vẻ; Kẻ ấy vui vẻ vì nghĩ: 'Ta đã tạo thiện nghiệp', vui vẻ hơn khi đi vào thiện đạo.","{""accuracy"": 5, ""fluency"": 5, ""explanation"": ""Very accurate translation of the joy of the merit-maker.""}","Nay hân hoan, đời sau hân hoan, người làm phước hân hoan cả hai nơi; Nó hân hoan rằng 'Phước nghiệp đã được ta làm', càng hân hoan hơn khi đi đến thiện đạo.","{""accuracy"": 5, ""fluency"": 4, ""explanation"": ""Accurately translates the joy of the merit-maker in both lives.""}",Không có bản dịch vì văn bản gốc không có sẵn,"{""accuracy"": 1, ""fluency"": 1, ""explanation"": ""The candidate failed to provide a translation.""}",,"{""accuracy"": 0, ""fluency"": 0, ""explanation"": ""Translation failed""}","(Chỉ có trong kinh Pali, không có đoạn tương đương trong Udanavarga)","{""accuracy"": 5, ""fluency"": 5, ""explanation"": ""The candidate correctly identifies that there is no corresponding text to translate, matching the source note perfectly.""}",Đây là độc nhất trong tiếng Pali - Không có song song trực tiếp với Udanavarga.,"{""accuracy"": 1, ""fluency"": 1, ""explanation"": ""The candidate failed to translate the text, instead providing a meta-commentary about the source.""}",(Không có văn bản tương ứng),"{""accuracy"": 5, ""fluency"": 5, ""explanation"": ""Correctly identifies that there is no corresponding Sanskrit text provided for this Pali-specific verse.""}"
19,"Bahumpi ce sahitaṃ bhāsamāno, na takkaro hoti naro pamatto; Gopova gāvo gaṇayaṃ paresaṃ, na bhāgavā sāmaññassa hoti.","Subahv apīha sahitaṃ bhāṣamāṇo, na tat karo bhavati naraḥ pramattaḥ; Gopaiva gāḥ saṃgaṇayan pareṣāṃ, na bhāgavān śrāmaṇyārthasya bhavati.","Nếu người nói nhiều kinh, Không hành trì, phóng dật. Như kẻ chăn bò người, Không phần Sa môn hạnh.","Dù có tụng đọc nhiều kinh điển nhưng buông thả không thực hành, thì cũng chỉ như kẻ chăn bò thuê đếm bò cho người khác, chẳng được hưởng phần lợi ích của người tu.",Practice vs Speech,Dhammapada 19 / Udanavarga 4.22,"Dù có nói nhiều về sự hợp tác, nhưng người đàn ông lười biếng và thiếu trí tuệ không phải là người khôn ngoan; giống như một người chăn bò chỉ biết đếm bò của người khác, không phải là người chia sẻ sự bình đẳng.","{""accuracy"": 2, ""fluency"": 3, ""explanation"": ""Major errors: 'sahita\u1e43' refers to scriptures/texts, not 'cooperation'. 'S\u0101ma\u00f1\u00f1assa' refers to the ascetic life, not 'equality'.""}","Dù nói nhiều cùng nhau, người hẹp hòi không phải là tăng thật; như bò đếm những con bò khác, không phải là người tu hành chân chính.","{""accuracy"": 2, ""fluency"": 3, ""explanation"": ""Mistranslates 'sahita\u1e43' (scriptures) as 'c\u00f9ng nhau' (together) and 'gopova' (like a cowherd) as 'nh\u01b0 b\u00f2' (like a cow).""}","Dù thuộc nhiều kinh mà nói, nếu người phóng túng không hành trì; Như bác mục đếm bò người khác, không được phần Sa-môn.","{""accuracy"": 5, ""fluency"": 4, ""explanation"": ""Accurate. 'B\u00e1c m\u1ee5c' is a slightly creative but clear way to render 'gopa' (cowherd).""}","Người lười biếng, nói nhiều mà không lắng nghe, không hiểu đúng; Giống như bò không nghe lời trong đàn, kẻ ấy không phải bậc thánh.","{""accuracy"": 2, ""fluency"": 3, ""explanation"": ""Inaccurate. Misses the 'cowherd' (gopa) metaphor entirely and misinterprets 'sahita\u1e43' (scriptures/texts).""}","Dù tụng đọc nhiều kinh điển mà người buông lung không thực hành theo; Thì cũng như kẻ chăn bò đếm bò cho người khác, không có phần trong hạnh sa-môn.","{""accuracy"": 5, ""fluency"": 5, ""explanation"": ""Excellent use of the cowherd metaphor to describe one who recites but does not practice.""}","Dù có nói nhiều ở đây, nhưng người đàn ông đó vẫn chưa tỉnh táo; giống như một người chăn bò chỉ quan tâm đến việc đếm bò của người khác, không phải là một người có tâm trí thức tỉnh trong việc thực hành đạo đức.","{""accuracy"": 4, ""fluency"": 4, ""explanation"": ""Good translation of the 'cowherd' metaphor. 'Sahita\u1e43' usually refers to scriptures/texts, which 'n\u00f3i nhi\u1ec1u' captures generally.""}","Người nói ở đây một cách tôn trọng, kẻ điên không trở thành như vậy; Như người chăn trâu đếm trâu của người khác, không trở thành bậc thánh.","{""accuracy"": 2, ""fluency"": 2, ""explanation"": ""Mistranslates 'sahita\u1e43' (scriptures/texts) as 't\u00f4n tr\u1ecdng' (respectfully). 'Pramatta\u1e25' (heedless) is translated as 'k\u1ebb \u0111i\u00ean' (madman), which is too strong.""}","Dù nói nhiều lời hay bên đây, kẻ phóng dật không thực hành; Như người chăn thuê đếm bò người khác, không phải là bậc Thánh trong mục đích Sa-môn.","{""accuracy"": 4, ""fluency"": 4, ""explanation"": ""Good translation of the 'cowherd' metaphor; 'b\u00ean \u0111\u00e2y' is slightly filler-like but okay.""}","Người nói năng vô tâm không trở thành người làm điều tốt; như người chăn bò gom bò cho người khác, không phải cho chủ.","{""accuracy"": 3, ""fluency"": 3, ""explanation"": ""The translation of 'sahita\u1e43' (scriptures/texts) as 'v\u00f4 t\u00e2m' is incorrect. 'Kh\u00f4ng ph\u1ea3i cho ch\u1ee7' is a misunderstanding of the cowherd metaphor.""}","Dù tụng đọc nhiều kinh điển mà không thực hành, người buông lung ấy chẳng khác gì kẻ chăn bò đếm bò cho người khác, không được hưởng phần lợi ích của đời sống sa-môn.","{""accuracy"": 5, ""fluency"": 5, ""explanation"": ""Excellent translation of the 'cowherd' simile and the term 'sahita\u1e43' (scriptures/texts).""}"
20,"Appampi ce sahitaṃ bhāsamāno, dhammassa hoti anudhammacārī; Rāgañca dosañca pahāya mohaṃ, sammappajāno suvimuttacitto; Anupādiyāno idha vā huraṃ vā, sa bhāgavā sāmaññassa hoti.","Alpam api cet sahitaṃ bhāṣamāṇo, dharmasya bhavati hy anudharmacārī; Rāgaṃ ca doṣaṃ ca tathaiva mohaṃ, prahāyabhāgī śrāmaṇyārthasya bhavati.","Dầu nói ít kinh điển, Nhưng hành pháp, tùy pháp, Từ bỏ tham, sân, si, Tỉnh giác, tâm giải thoát, Không chấp thủ hai đời, Dự phần Sa môn hạnh.","Dù đọc tụng ít kinh điển nhưng sống đúng theo chánh pháp, từ bỏ tham lam, sân hận và si mê, có trí tuệ và tâm tự do giải thoát, không dính mắc vào đời này hay đời sau, người ấy thực sự hưởng phần lợi ích của người tu.",Practice (True),Dhammapada 20 / Udanavarga 4.23,"Dù có nói ít về sự hợp tác, nhưng người đàn ông sống theo pháp, tuân thủ pháp; từ bỏ tham, sân, si, và có sự hiểu biết đúng đắn, tâm trí được giải thoát; không bám víu, ở đây hay sau khi chết, người đó là người chia sẻ sự bình đẳng thực sự.","{""accuracy"": 2, ""fluency"": 3, ""explanation"": ""Same errors as Item 19: misinterprets 'sahita\u1e43' and 's\u0101ma\u00f1\u00f1assa'.""}","Ngay cả khi nói ít, nếu gắn bó, sẽ trở thành người theo Pháp; loại bỏ tham, sân, si, người hiểu đúng là tâm giải thoát; không bám víu ở đây hay nơi nào, người ấy là người tu hành chân thật.","{""accuracy"": 4, ""fluency"": 4, ""explanation"": ""Generally accurate, though 'g\u1eafn b\u00f3' for 'sahita\u1e43' is a bit vague in this context.""}","Dù thuộc ít kinh mà nói, nếu hành theo chánh pháp; Bỏ tham sân và si, trí tuệ chánh, tâm giải thoát; Không chấp thủ đời này hay đời sau, người ấy được phần Sa-môn.","{""accuracy"": 5, ""fluency"": 5, ""explanation"": ""Comprehensive translation of the complex qualities listed in the Pali verse.""}","Người khiêm tốn, nói ít mà hiểu đúng pháp; Buông bỏ tham, sân, si, tâm giải thoát; Bậc ấy, dù ở đây hay nơi khác, là bậc thánh.","{""accuracy"": 4, ""fluency"": 4, ""explanation"": ""Generally accurate, though 'khi\u00eam t\u1ed1n' (humble) is not explicitly in the Pali 'Appampi ce sahita\u1e43' (even if little of the texts).""}","Dù tụng đọc ít kinh điển nhưng sống đúng theo giáo pháp; Từ bỏ tham, sân, si, có hiểu biết đúng đắn, tâm giải thoát tự tại; Không chấp thủ đời này hay đời sau, người đó có phần trong hạnh sa-môn.","{""accuracy"": 5, ""fluency"": 5, ""explanation"": ""Comprehensive and accurate translation of the qualities of a true practitioner.""}","Dù chỉ nói ít, nhưng nếu người đó có tâm trí thức tỉnh, họ sẽ là người thực hành theo pháp. Họ sẽ loại bỏ tham lam, sân hận và si mê, và sẽ là người đạt được lợi ích của việc thực hành đạo đức.","{""accuracy"": 4, ""fluency"": 4, ""explanation"": ""Accurate. Captures the essence of practicing according to the Dhamma despite knowing little.""}","Ngay cả khi nói một chút một cách tôn trọng, người trở thành người tuân theo pháp, không phải người vi phạm pháp; Dục vọng, tội lỗi và mê muội, cũng như vậy, người trở thành người tu hành tiêu diệt chúng.","{""accuracy"": 3, ""fluency"": 3, ""explanation"": ""Again, 'sahita\u1e43' is mistranslated. However, the second half regarding the destruction of lust, hate, and delusion is reasonably accurate.""}","Dù chỉ nói ít lời, nếu thực hành đúng pháp, đúng theo Chánh pháp; Diệt tham, sân và si, thành bậc Thánh trong mục đích Sa-môn.","{""accuracy"": 4, ""fluency"": 4, ""explanation"": ""Accurate, though it omits the 'not clinging to this world or the next' found in the reference, it stays true to the Sanskrit provided.""}","Ngay cả nói ít với ý định cũng trở thành người theo đạo; người ấy vượt qua tham, sân, si để đạt mục đích.","{""accuracy"": 4, ""fluency"": 4, ""explanation"": ""Generally accurate, though 'v\u1edbi \u00fd \u0111\u1ecbnh' is a weak translation for 'sahita\u1e43' (scriptures/meaningful texts).""}","Dù tụng đọc ít kinh điển nhưng sống đúng theo giáo pháp, từ bỏ tham, sân và si, người ấy được hưởng phần lợi ích của đời sống sa-môn.","{""accuracy"": 5, ""fluency"": 5, ""explanation"": ""Accurately captures the essence of practicing the Dhamma even with little formal study.""}"
