pali_text,langfuse_item_id,ref_han_viet,ref_viet_modern,source,trans_GPT-OSS-20B,judge_GPT-OSS-20B,trans_GPT-OSS-120b,judge_GPT-OSS-120b,trans_Groq_Compound,judge_Groq_Compound,trans_Llama-3.1-8b,judge_Llama-3.1-8b,trans_Llama-3.3-70B,judge_Llama-3.3-70B,trans_Llama-4-Maverick-17B,judge_Llama-4-Maverick-17B,trans_Kimi-K2,judge_Kimi-K2,trans_Qwen3-32B,judge_Qwen3-32B,trans_Gemini-3-Flash,judge_Gemini-3-Flash
gate gate pāragate pārasaṃgate bodhi svāhā.,c44770ee-d0f5-4d87-aa51-088ddc0af4b5,"Yết đế yết đế, ba la yết đế, ba la tăng yết đế, bồ đề tát bà ha.","Yết đế yết đế, ba la yết đế, ba la tăng yết đế, bồ đề tát bà ha.",Heart Sutra (Budsas),"{""item"":1,""translation"":""Đi, đi, đi qua, đi qua hết, giác ngộ, svaha.""}","{""accuracy"": 3, ""fluency"": 2, ""explanation"": ""Translates the mantra into literal Vietnamese meanings ('\u0111i', 'qua'). Mantras are traditionally transliterated (H\u00e1n-Vi\u1ec7t) rather than translated to preserve esoteric phonetics.""}","Đã qua, đã qua, đã vượt qua, đã vượt quá, giác ngộ, chúc tụng!","{""accuracy"": 2, ""fluency"": 2, ""explanation"": ""Translates the mantra literally instead of maintaining the phonetic transliteration used in Vietnamese liturgy. '\u0110\u00e3 v\u01b0\u1ee3t qu\u00e1' and 'ch\u00fac t\u1ee5ng' do not reflect the traditional spiritual weight of 'Ba la t\u0103ng y\u1ebft \u0111\u1ebf' and 'T\u00e1t b\u00e0 ha'.""}","Cổng, cổng, vượt qua cổng, vượt qua bờ bên kia, Bồ đề, Svaha.","{""accuracy"": 1, ""fluency"": 1, ""explanation"": ""Completely literal and incorrect translation of a dharani. Mantras/Dharanis should be transliterated (Sino-Vietnamese) or left as is. Translating 'gate' as 'c\u1ed5ng' (physical gate) is a semantic hallucination; it means 'gone'.""}","Cổng cổng, vượt qua cổng, vượt qua cổng, giác ngộ, svāhā.","{""accuracy"": 1, ""fluency"": 1, ""explanation"": ""Literal translation of 'gate' as 'c\u1ed5ng' (door/gate) is a linguistic error; it is a Sanskrit verb form meaning 'gone'. This ignores the tradition of transliterating dharanis.""}","đi đi đi vượt qua, trí tuệ giác ngộ, sa ha","{""accuracy"": 2, ""fluency"": 2, ""explanation"": ""Translating the Mantra phonetics into literal meaning (\u0111i \u0111i) is doctrinally discouraged as Mantras are usually kept in transliterated form (Y\u1ebft-\u0111\u1ebf). 'Sa ha' is a poor translation of 'sv\u0101h\u0101' (T\u00e1t b\u00e0 ha).""}","Qua rồi, qua rồi, qua đến bờ bên kia, qua đến bờ giác ngộ, tàhà","{""accuracy"": 2, ""fluency"": 2, ""explanation"": ""Significant error at the end: 't\u00e0h\u00e0' is a typo or hallucination for 'sv\u0101h\u0101' (t\u00e1t b\u00e0 ha). The translation of the mantra into meaning instead of transliteration is rare in Vietnamese liturgy.""}","{""item"":1,""translation"":""Đã đi, đã đi, đã đi đến bờ bên kia, đã đi hoàn toàn đến bờ bên kia, giác ngộ, xin nguyện.""}","{""accuracy"": 4, ""fluency"": 3, ""explanation"": ""Accurately translates the Sanskrit/Pali meaning, which the reference transliterates. However, 'xin nguy\u1ec7n' for 'sv\u0101h\u0101' and the repetitive '\u0111\u00e3 \u0111i' lacks the sacred rhythm of a mantra.""}","Đi đi, đi đến bên kia, đi đến bờ bên kia, giác ngộ, svāhā.","{""accuracy"": 2, ""fluency"": 2, ""explanation"": ""Translating a mantra into literal meaning is doctrinally discouraged in Vietnamese Buddhism; mantras are traditionally left in transliterated Sanskrit (H\u00e1n-Vi\u1ec7t) to preserve their esoteric power.""}","Qua rồi, qua rồi, qua bờ bên kia rồi, đã sang đến bờ bên kia, giác ngộ, thành tựu.","{""accuracy"": 4, ""fluency"": 3, ""explanation"": ""Translates the mantra literally (meaning-based) rather than preserving the transliteration (mantra-dh\u0101ra\u1e47\u012b) usually preferred in sutras. While accurate to the Sanskrit, it loses the sacred liturgical register.""}"
prajñāpāramitāyām ukto mantraḥ tadyathā:,cb22fd4d-a23f-4d72-b118-ab0cee2bcb0e,"Cố thuyết Bát nhã Ba la mật đa chú, tức thuyết chú viết:","Cho nên khi nói đến Bát nhã Ba la mật đa, tức là phải nói câu chú:",Heart Sutra (Budsas),"{""item"":2,""translation"":""Câu thần chú được gọi là Prajñāpāramitā, như sau:""}","{""accuracy"": 3, ""fluency"": 3, ""explanation"": ""Maintains Sanskrit terms like 'Praj\u00f1\u0101p\u0101ramit\u0101' instead of the established Vietnamese 'B\u00e1t nh\u00e3 Ba la m\u1eadt \u0111a'. Register is modern/descriptive rather than liturgical.""}",Pháp chú được nói trong Bát Nhã như sau:,"{""accuracy"": 4, ""fluency"": 3, ""explanation"": ""Meaning is accurate, but 'Ph\u00e1p ch\u00fa' and 'nh\u01b0 sau' use a modern/secular register rather than the formal 'v\u0103n kinh' style expected for a sutra.""}","Như lời dạy trong kinh Prajñāpāramitā, rằng:","{""accuracy"": 3, ""fluency"": 3, ""explanation"": ""Missing the specific term 'mantra' (ch\u00fa) in the translation. The candidate uses 'l\u1eddi d\u1ea1y' (teaching), which is too general for the context of introducing a mantra.""}",Lời nguyền cho Prajñāpāramitā như sau:,"{""accuracy"": 2, ""fluency"": 2, ""explanation"": ""Translates 'mantra' as 'l\u1eddi nguy\u1ec1n' (curse), which is doctrinally offensive and incorrect. Proper term is 'ch\u00fa' or 'th\u1ea7n ch\u00fa'.""}",trong Bát-nhã Ba-la-mật-đa đã nói chú là,"{""accuracy"": 4, ""fluency"": 3, ""explanation"": ""Meaning is accurate, but the register is too colloquial. '\u0110\u00e3 n\u00f3i ch\u00fa l\u00e0' lacks the formal sutra style of 'T\u1ee9c thuy\u1ebft ch\u00fa vi\u1ebft'.""}",Câu thần chú trong Bát Nhã Ba La Mật Đa nói rằng:,"{""accuracy"": 4, ""fluency"": 3, ""explanation"": ""Accurate meaning, but the phrasing 'n\u00f3i r\u1eb1ng' is too colloquial (modern prose) rather than the formal sutra register (v\u0103n kinh).""}","{""item"":2,""translation"":""Trong Bát-nhã-ba-la-mật-đa, có câu thần chú được nói như sau: ""}","{""accuracy"": 5, ""fluency"": 4, ""explanation"": ""Correctly translates 'ukto mantra\u1e25'. Uses appropriate modern Buddhist Vietnamese while maintaining the formal structure.""}","Trong Bát-nhã Ba-la-mật, có chú này như sau:","{""accuracy"": 4, ""fluency"": 3, ""explanation"": ""Accurate but the register is too colloquial. 'C\u00f3 ch\u00fa n\u00e0y nh\u01b0 sau' lacks the formal sutra style of 'T\u1ee9c thuy\u1ebft ch\u00fa vi\u1ebft'.""}",Thần chú được thuyết trong Bát-nhã Ba-la-mật-đa là như thế này:,"{""accuracy"": 5, ""fluency"": 4, ""explanation"": ""Accurately conveys the Sanskrit 'tadyath\u0101' (as follows) and maintains correct terminology. The register is clear and formal.""}"
"sarva duḥkha praśamanaḥ, satyam amithyatāt.",95d3c9d8-2348-4f46-8b7e-1d1908c1e4a6,"năng trừ nhất thiết khổ, chân thật bất hư.","luôn trừ các khổ não, chân thật không hư dối.",Heart Sutra (Budsas),"{""item"":3,""translation"":""Mọi đau khổ được giảm bớt, sự thật là vô thường.""}","{""accuracy"": 2, ""fluency"": 2, ""explanation"": ""Critical doctrinal error: 'amithyat\u0101t' (not false/true) is translated as 'v\u00f4 th\u01b0\u1eddng' (impermanent), which is a different concept. Register is colloquial.""}","Mọi khổ đau đều được tiêu trừ, chân lý vượt lên trên dối gian.","{""accuracy"": 4, ""fluency"": 3, ""explanation"": ""Accurately captures the meaning, but 'v\u01b0\u1ee3t l\u00ean tr\u00ean d\u1ed1i gian' is a bit poetic/modern compared to the classical 'ch\u00e2n th\u1eadt b\u1ea5t h\u01b0'.""}","Tất cả khổ đau đều diệt trừ, chân lý không phải là hư vọng.","{""accuracy"": 4, ""fluency"": 3, ""explanation"": ""Meaning is accurate, but the register is too modern/colloquial ('ch\u00e2n l\u00fd', 'h\u01b0 v\u1ecdng'). Lacks the 'v\u0103n kinh' style of the reference 'n\u0103ng tr\u1eeb nh\u1ea5t thi\u1ebft kh\u1ed5'.""}","Tất cả khổ đau đều được giải thoát, sự thật không bị hư hỏng.","{""accuracy"": 3, ""fluency"": 3, ""explanation"": ""Meaning is mostly preserved but 'kh\u00f4ng b\u1ecb h\u01b0 h\u1ecfng' is a clumsy translation for 'amithyat\u0101t' (not false/true). Register is colloquial.""}","chữa hết mọi khổ đau, sự thật không sai lạc","{""accuracy"": 4, ""fluency"": 3, ""explanation"": ""Accurate, but 'ch\u1eefa h\u1ebft m\u1ecdi kh\u1ed5 \u0111au' sounds like medical/modern language rather than the traditional 'n\u0103ng tr\u1eeb nh\u1ea5t thi\u1ebft kh\u1ed5'.""}","Làm tiêu trừ tất cả khổ đau, chân thật không sai lầm","{""accuracy"": 5, ""fluency"": 4, ""explanation"": ""Accurately captures 'pra\u015bamana' (ti\u00eau tr\u1eeb) and 'amithyat\u0101t' (kh\u00f4ng sai l\u1ea7m). Register is clear and appropriate.""}","{""item"":3,""translation"":""Làm lắng dịu mọi khổ đau, là chân thật, không phải sai lầm.""}","{""accuracy"": 4, ""fluency"": 4, ""explanation"": ""Accurate semantic translation of 'pra\u015bamana\u1e25' as 'l\u1eafng d\u1ecbu'. While the reference uses Han-Viet 'n\u0103ng tr\u1eeb', this is a valid and fluent modern interpretation.""}","Chú này có thể dứt tất cả khổ đau, chân thật không thể nghi ngờ.","{""accuracy"": 4, ""fluency"": 3, ""explanation"": ""Accurate meaning, but 'kh\u00f4ng th\u1ec3 nghi ng\u1edd' is a modern interpretation of 'amithyat\u0101t' (b\u1ea5t h\u01b0/not false), which lacks the solemnity of classical sutra register.""}","Dứt trừ mọi khổ đau, là chân thật, không hư vọng.","{""accuracy"": 5, ""fluency"": 5, ""explanation"": ""Excellent translation of 'pra\u015bamana' as 'd\u1ee9t tr\u1eeb' and 'amithyat\u0101t' as 'kh\u00f4ng h\u01b0 v\u1ecdng'. Matches the quality of modern masters like Th\u00edch Nh\u1ea5t H\u1ea1nh.""}"
tasmāj jñātavyam: prajñāpāramitā mahā-mantro mahā-vidyā mantro 'nuttara-mantro samasama-mantraḥ.,38baf383-857a-47ca-a2a5-97f339c93d0b,"Cố tri Bát nhã Ba la mật đa, thị đại thần chú, thị đại minh chú, thị vô thượng chú, thị vô đẳng đẳng chú,","Cho nên phải biết rằng Bát nhã Ba la mật đa là đại thần chú, là đại minh chú, là chú vô thượng, là chú cao cấp nhất,",Heart Sutra (Budsas),"{""item"":4,""translation"":""Vì vậy, cần biết: Prajñāpāramitā là thần chú lớn, là trí tuệ lớn, là thần chú vô đỉnh, là thần chú đồng đều.""}","{""accuracy"": 3, ""fluency"": 2, ""explanation"": ""Terminology is literal and clunky. 'V\u00f4 th\u01b0\u1ee3ng' (unexcelled) is translated as 'v\u00f4 \u0111\u1ec9nh', and 'v\u00f4 \u0111\u1eb3ng \u0111\u1eb3ng' is rendered as '\u0111\u1ed3ng \u0111\u1ec1u', losing the philosophical weight.""}","Vì vậy cần phải biết: Bát Nhã là bát chánh tâm lớn, bát chánh kiến thức lớn, bát chánh tâm vô song, bát chánh tâm đồng đẳng.","{""accuracy"": 1, ""fluency"": 1, ""explanation"": ""Completely incorrect terminology. 'Mantra' is translated as 'b\u00e1t ch\u00e1nh t\u00e2m' (wrong) and 'vidy\u0101' as 'b\u00e1t ch\u00e1nh ki\u1ebfn th\u1ee9c'. It seems to confuse 'Mantra' with the Eightfold Path (B\u00e1t Ch\u00e1nh \u0110\u1ea1o) inappropriately.""}","Vì vậy, có thể biết: Prajñāpāramitā là đại minh chú, đại trí chú, là chú tối thượng, chú đồng đẳng.","{""accuracy"": 3, ""fluency"": 3, ""explanation"": ""Incorrectly translates 'anuttara' (v\u00f4 th\u01b0\u1ee3ng) as 't\u1ed1i th\u01b0\u1ee3ng' (though similar, lacks sutra register) and 'samasama' (v\u00f4 \u0111\u1eb3ng \u0111\u1eb3ng) as '\u0111\u1ed3ng \u0111\u1eb3ng' (equal), missing the nuance of 'unequalled'.""}","Vì vậy, nên biết rằng Prajñāpāramitā là một phép thuật lớn, một tri thức lớn, một phép thuật không thể sánh được, một phép thuật cân bằng.","{""accuracy"": 2, ""fluency"": 2, ""explanation"": ""Translates 'mantra' as 'ph\u00e9p thu\u1eadt' (magic/sorcery), which is inappropriate for Buddhist scripture. 'C\u00e2n b\u1eb1ng' for 'samasama' misses the meaning of 'unequalled/equal to the unequalled'.""}","vì vậy cần phải biết: Bát-nhã Ba-la-mật-đa là chân ngôn lớn, là trí tuệ lớn, là chú không thượng đẳng, là chú bình đẳng","{""accuracy"": 3, ""fluency"": 3, ""explanation"": ""'Ch\u00fa kh\u00f4ng th\u01b0\u1ee3ng \u0111\u1eb3ng' is a mistranslation of 'anuttara' (v\u00f4 th\u01b0\u1ee3ng - unsurpassed); the candidate implies it is not high class, which is a major error. 'Tr\u00ed tu\u1ec7 l\u1edbn' is used for 'mah\u0101-vidy\u0101' instead of '\u0111\u1ea1i minh'.""}","Vì vậy, phải biết rằng: Bát Nhã Ba La Mật Đa là đại thần chú, là thần chú trí tuệ tối thượng, là thần chú không ai sánh bằng","{""accuracy"": 4, ""fluency"": 4, ""explanation"": ""Accurate and fluent. Uses appropriate terms like '\u0111\u1ea1i th\u1ea7n ch\u00fa', though missing the specific translation for 'samasama' (v\u00f4 \u0111\u1eb3ng \u0111\u1eb3ng).""}","{""item"":4,""translation"":""Vì vậy cần biết: Bát-nhã-ba-la-mật-đa là thần chú lớn, là thần chú minh lớn, là thần chú vô thượng, là thần chú bình đẳng.""}","{""accuracy"": 4, ""fluency"": 3, ""explanation"": ""Accurate, but the repetition of 'th\u1ea7n ch\u00fa' makes it clunky in Vietnamese compared to the elegant 'th\u1ecb \u0111\u1ea1i th\u1ea7n ch\u00fa... th\u1ecb v\u00f4 th\u01b0\u1ee3ng ch\u00fa' of the reference.""}","Vì vậy, nên biết: Bát-nhã Ba-la-mật là đại chú, đại minh chú, vô thượng chú, vô đẳng đẳng chú.","{""accuracy"": 5, ""fluency"": 4, ""explanation"": ""Excellent use of technical terms like '\u0111\u1ea1i minh ch\u00fa', 'v\u00f4 th\u01b0\u1ee3ng ch\u00fa'. Very close to standard scholarship.""}","Cho nên phải biết: Bát-nhã Ba-la-mật-đa là đại thần chú, là đại minh chú, là chú cao tột, là chú vô song.","{""accuracy"": 5, ""fluency"": 4, ""explanation"": ""Good use of standard terms: '\u0111\u1ea1i th\u1ea7n ch\u00fa', '\u0111\u1ea1i minh ch\u00fa'. 'Cao t\u1ed9t' and 'v\u00f4 song' are appropriate vernacular equivalents for 'anuttara' and 'samasama'.""}"
tryadhva-vyavasthitāḥ sarva-buddhāḥ prajñāpāramitām āśrityā-anuttarāṃ samyaksambodhim abhisambuddhāḥ.,152e1001-3c19-4eac-b784-da8294f1c250,"Tam thế chư Phật, y Bát nhã Ba la mật đa cố, đắc A nậu đa la Tam miệu Tam bồ đề.","Các vị Phật ba đời vì nương theo trí tuệ Bát Nhã này mà đắc quả vô thượng, chánh đẳng chánh giác.",Heart Sutra (Budsas),"{""item"":5,""translation"":""Ba tất cả các Phật, dựa vào Prajñāpāramitā vô đỉnh, đã đạt được sự giác ngộ đúng đắn, đã thành Phật.""}","{""accuracy"": 2, ""fluency"": 2, ""explanation"": ""Grammatical error in Vietnamese ('Ba t\u1ea5t c\u1ea3 c\u00e1c Ph\u1eadt'). 'Anuttar\u0101\u1e43 samyaksambodhim' is a technical term (V\u00f4 th\u01b0\u1ee3ng Ch\u00e1nh \u0111\u1eb3ng Ch\u00e1nh gi\u00e1c) but is simplified into 'gi\u00e1c ng\u1ed9 \u0111\u00fang \u0111\u1eafn'.""}","Tất cả các vị Phật, được sắp đặt theo ba phương, dựa vào Bát Nhã, đã đạt được giác ngộ hoàn thiện vô song.","{""accuracy"": 2, ""fluency"": 2, ""explanation"": ""'\u0110\u01b0\u1ee3c s\u1eafp \u0111\u1eb7t theo ba ph\u01b0\u01a1ng' is a poor translation of 'tryadhva' (Three Times/Past-Present-Future). 'Gi\u00e1c ng\u1ed9 ho\u00e0n thi\u1ec7n v\u00f4 song' is okay, but the sentence structure is clunky.""}","Tất cả Phật trong ba thời, nương tựa vào Prajñāpāramitā mà đạt được quả vị Chánh đẳng giác tối thượng.","{""accuracy"": 5, ""fluency"": 4, ""explanation"": ""Very accurate and uses standard terminology like 'Ch\u00e1nh \u0111\u1eb3ng gi\u00e1c' and 'ba th\u1eddi'. Slightly less 'sutra-like' than Sino-Vietnamese but highly professional.""}","Tất cả các vị Phật đều dựa vào Prajñāpāramitā, đạt được giác ngộ hoàn hảo.","{""accuracy"": 3, ""fluency"": 3, ""explanation"": ""Misses the specific technical term 'An-n\u1eadu-\u0111a-la Tam-mi\u1ec7u Tam-b\u1ed3-\u0111\u1ec1' (Unsurpassed Complete Enlightenment), simplifying it to 'gi\u00e1c ng\u1ed9 ho\u00e0n h\u1ea3o'.""}",các Phật đều dựa vào Bát-nhã Ba-la-mật-đa để đạt được sự giác ngộ hoàn toàn,"{""accuracy"": 4, ""fluency"": 3, ""explanation"": ""Correct meaning, but omits 'Three Times' (tryadhva/tam th\u1ebf) and 'Unsurpassed Righteous Awakening' (Anuttara Samyaksambodhi) is simplified to 'gi\u00e1c ng\u1ed9 ho\u00e0n to\u00e0n'.""}",Tất cả chư Phật trong ba đời đều nương tựa vào Bát Nhã Ba La Mật Đa mà chứng đắc Vô Thượng Chánh Đẳng Chánh Giác,"{""accuracy"": 5, ""fluency"": 5, ""explanation"": ""Matches the high-standard Vietnamese translation for this passage. Correct use of 'V\u00f4 Th\u01b0\u1ee3ng Ch\u00e1nh \u0110\u1eb3ng Ch\u00e1nh Gi\u00e1c'.""}","{""item"":5,""translation"":""Tất cả các Đức Phật trong ba thời đều nương theo Bát-nhã-ba-la-mật-đa mà chứng đạt được sự giác ngộ vô thượng chân chính.""}","{""accuracy"": 5, ""fluency"": 5, ""explanation"": ""Excellent translation. Captures 'tryadhva' (ba th\u1eddi) and 'samyaksambodhim' (gi\u00e1c ng\u1ed9 v\u00f4 th\u01b0\u1ee3ng ch\u00e2n ch\u00ednh) perfectly with high register.""}",Tất cả chư Phật ba đời đều dựa vào Bát-nhã Ba-la-mật để thành tựu Vô Thượng Chính Đẳng Chính Giác.,"{""accuracy"": 5, ""fluency"": 5, ""explanation"": ""Highly accurate and natural. Uses 'V\u00f4 Th\u01b0\u1ee3ng Ch\u00ednh \u0110\u1eb3ng Ch\u00ednh Gi\u00e1c' correctly, matching the register of modern masters like HT. Th\u00edch Nh\u1ea5t H\u1ea1nh.""}",Hết thảy chư Phật trong ba đời đều nương vào Bát-nhã Ba-la-mật-đa mà chứng đắc đạo quả Vô thượng Chính đẳng Chính giác.,"{""accuracy"": 5, ""fluency"": 5, ""explanation"": ""Perfectly renders the Sanskrit technical terms into standard Vietnamese Buddhist terminology (V\u00f4 th\u01b0\u1ee3ng Ch\u00ednh \u0111\u1eb3ng Ch\u00ednh gi\u00e1c). Register is highly appropriate.""}"
cittāvaraṇa-nāstitvād atrasto viparyāsa-atikrānto niṣṭhā-nirvāṇa-prāptaḥ.,4b23ac84-8d01-4d76-bf2a-de3ed71c77e3,"vô quái ngại cố, vô hữu khủng bố, viễn ly điên đảo mộng tưởng, cứu cánh Niết bàn.","vì tâm không chướng ngại nên không còn sợ hãi, xa lìa được cái điên đảo mộng tưởng, đạt đến cứu cánh Niết Bàn.",Heart Sutra (Budsas),"{""item"":6,""translation"":""Bởi vì không có sự tồn tại của tâm, đã tìm thấy sự bất chấp, đã đạt được chấm dứt của nỗ lực.""}","{""accuracy"": 1, ""fluency"": 1, ""explanation"": ""Complete failure in accuracy. 'Ni\u1e63\u1e6dh\u0101-nirv\u0101\u1e47a' (Ultimate Nirvana) is translated as 'ch\u1ea5m d\u1ee9t c\u1ee7a n\u1ed7 l\u1ef1c' (end of effort). Fails to recognize 'vi\u1ec5n ly \u0111i\u00ean \u0111\u1ea3o' concepts.""}","Do không còn bùa tâm, không còn cản trở, đã vượt qua mọi sai lầm, đạt được niết bàn kiên định.","{""accuracy"": 2, ""fluency"": 2, ""explanation"": ""'B\u00f9a t\u00e2m' is a bizarre and incorrect translation for 'citt\u0101vara\u1e47a' (mental obstructions/qu\u00e1i ng\u1ea1i). 'Ni\u1ebft b\u00e0n ki\u00ean \u0111\u1ecbnh' lacks the philosophical depth of 'C\u1ee9u c\u00e1nh Ni\u1ebft b\u00e0n'.""}","Vì không có chướng ngại trong tâm, không sợ hãi, vượt qua mọi điên đảo, đạt được Niết-bàn.","{""accuracy"": 4, ""fluency"": 3, ""explanation"": ""Accurate, but '\u0111i\u00ean \u0111\u1ea3o' usually pairs with 'm\u1ed9ng t\u01b0\u1edfng' in Vietnamese tradition. The register is a bit plain for a core realization passage.""}","Không có tâm bị che lấp, không có sự ngộ nhận, vượt qua được, đạt được trạng thái không còn khổ đau.","{""accuracy"": 2, ""fluency"": 2, ""explanation"": ""Lacks specific terminology like 'vi\u1ec5n ly \u0111i\u00ean \u0111\u1ea3o m\u1ed9ng t\u01b0\u1edfng' or 'Ni\u1ebft b\u00e0n'. 'Kh\u00f4ng c\u00f2n kh\u1ed5 \u0111au' is too vague for 'Ni\u1e63\u1e6dh\u0101-nirv\u0101\u1e47a'.""}","do không có chướng ngại của tâm, vượt qua sự ngược lại, đạt được niết-bàn tối thượng","{""accuracy"": 3, ""fluency"": 2, ""explanation"": ""'V\u01b0\u1ee3t qua s\u1ef1 ng\u01b0\u1ee3c l\u1ea1i' is a very poor translation of 'vipary\u0101sa' (\u0111i\u00ean \u0111\u1ea3o - perversion/inversion). 'Ch\u01b0\u1edbng ng\u1ea1i c\u1ee7a t\u00e2m' is acceptable for 'citt\u0101vara\u1e47a'.""}","Vì không có chướng ngại cho tâm, nên không sợ hãi, vượt qua được mọi sự đảo ngược, đạt đến Niết Bàn rốt ráo","{""accuracy"": 4, ""fluency"": 4, ""explanation"": ""Good translation. '\u0110\u1ea3o ng\u01b0\u1ee3c' for 'vipary\u0101sa' is acceptable, though '\u0111i\u00ean \u0111\u1ea3o' is the standard technical term.""}","{""item"":6,""translation"":""Do không có chướng ngại của tâm, nên không sợ hãi, vượt qua sai lầm, đạt đến Niết-bàn tận cùng.""}","{""accuracy"": 4, ""fluency"": 3, ""explanation"": ""Accuracy is high, but 'v\u01b0\u1ee3t qua sai l\u1ea7m' is a weak translation for 'vipary\u0101sa-atikr\u0101nto' (vi\u1ec5n ly \u0111i\u00ean \u0111\u1ea3o), and 't\u1eadn c\u00f9ng' for 'ni\u1e63\u1e6dh\u0101' lacks the religious weight of 'c\u1ee9u c\u00e1nh'.""}","Không còn tâm chướng ngại, không sợ hãi, không điên đảo, đạt được tịch diệt.","{""accuracy"": 3, ""fluency"": 3, ""explanation"": ""Translating 'Ni\u1ebft-b\u00e0n' as 't\u1ecbch di\u1ec7t' is semantically acceptable but loses the iconic terminology of the Heart Sutra. Register is slightly dry.""}","Vì tâm không ngăn ngại nên không sợ hãi, xa rời mọi điên đảo mộng tưởng, đạt đến cứu cánh Niết-bàn.","{""accuracy"": 5, ""fluency"": 5, ""explanation"": ""Captures the essence of 'citt\u0101vara\u1e47a' (t\u00e2m kh\u00f4ng ng\u0103n ng\u1ea1i) and 'vipary\u0101sa-atikr\u0101nto' (xa r\u1eddi \u0111i\u00ean \u0111\u1ea3o). Flow is natural and sacred.""}"
tasmāc chāriputra aprāptitvād bodhisattvasya prajñāpāramitām āśritya viharatyacittāvaraṇaḥ.,76c247b0-9610-41b3-8bde-dc3c2091a839,"Bồ đề tát đõa y Bát nhã Ba la mật đa cố, tâm vô quái ngại,","Khi vị Bồ Tát nương tựa vào trí tuệ Bát Nhã này thì tâm không còn chướng ngại,",Heart Sutra (Budsas),"{""item"":7,""translation"":""Vì vậy, Chāriputra, vì không đạt được, đã dựa vào Prajñāpāramitā của Bodhisattva, đã sống trong tâm.""}","{""accuracy"": 2, ""fluency"": 2, ""explanation"": ""Misinterprets 'acitt\u0101vara\u1e47a\u1e25' (no mental hindrances) as 's\u1ed1ng trong t\u00e2m' (lived in the mind). Register is very poor for a sutra.""}","Vì vậy, thưa Thế Tôn, do chưa đạt được, dựa vào Bát Nhã, vị Bồ Tát sinh sống không có bùa tâm.","{""accuracy"": 1, ""fluency"": 2, ""explanation"": ""Mistranslates '\u015a\u0101riputra' as 'Th\u1ebf T\u00f4n' (Buddha). Re-uses the incorrect 'b\u00f9a t\u00e2m' for '\u0101vara\u1e47a'. 'Sinh s\u1ed1ng' is too colloquial for 'viharaty' (abiding).""}","Vì vậy, này Cháriputra, Bồ-tát không đạt được gì mà vẫn an trú nhờ vào Prajñāpāramitā.","{""accuracy"": 3, ""fluency"": 2, ""explanation"": ""The phrase 'kh\u00f4ng \u0111\u1ea1t \u0111\u01b0\u1ee3c g\u00ec m\u00e0 v\u1eabn an tr\u00fa' is clunky. 'Viharatyacitt\u0101vara\u1e47a' refers specifically to dwelling without mental hindrances, which is omitted here.""}","Vì vậy, con trai của tôi, không có sự đạt được, Bodhisattva dựa vào Prajñāpāramitā, sống mà không có tâm bị che lấp.","{""accuracy"": 2, ""fluency"": 2, ""explanation"": ""Mistranslates '\u015a\u0101riputra' as 'con trai c\u1ee7a t\u00f4i' (my son) instead of the proper name X\u00e1 L\u1ee3i T\u1eed. 'T\u00e2m b\u1ecb che l\u1ea5p' is a literal but non-standard translation for 'citt\u0101vara\u1e47a'.""}","vì vậy, Xá-lợi-phất, do không đạt được, Bồ-tát dựa vào Bát-nhã Ba-la-mật-đa để an trú, không có chướng ngại của tâm","{""accuracy"": 5, ""fluency"": 4, ""explanation"": ""Accurate and preserves the address to Sariputra. Uses appropriate terms like 'an tr\u00fa' and 'kh\u00f4ng c\u00f3 ch\u01b0\u1edbng ng\u1ea1i c\u1ee7a t\u00e2m'.""}","Vì vậy, này Xá Lợi Phất, Bồ Tát nương tựa vào Bát Nhã Ba La Mật Đa mà trụ, tâm không chướng ngại","{""accuracy"": 5, ""fluency"": 4, ""explanation"": ""Accurate translation of the Sanskrit logic. Using 'tr\u1ee5' for 'viharaty' is doctrinally correct.""}","{""item"":7,""translation"":""Vì thế, này Xá-lợi-phất, do không có đạt được, Bồ-tát nương theo Bát-nhã-ba-la-mật-đa mà sống không chướng ngại của tâm.""}","{""accuracy"": 5, ""fluency"": 4, ""explanation"": ""Faithful to the Sanskrit syntax (apr\u0101ptitv\u0101d - due to non-attainment). The register is professional and clear.""}","Vì vậy, Ưu-bà-tắc, Bồ-tát do chưa đạt nên dựa vào Bát-nhã Ba-la-mật mà sống không chướng ngại.","{""accuracy"": 2, ""fluency"": 2, ""explanation"": ""Significant error: '\u015a\u0101riputra' is a proper name (X\u00e1 L\u1ee3i Ph\u1ea5t), not '\u01afu-b\u00e0-t\u1eafc' (Layman/Up\u0101saka). 'Do ch\u01b0a \u0111\u1ea1t' is a clumsy translation of 'apr\u0101ptitv\u0101d'.""}","Này Xá Lợi Phất, vì không có sở đắc nên Bồ-tát nương vào Bát-nhã Ba-la-mật-đa, tâm không ngăn ngại.","{""accuracy"": 5, ""fluency"": 5, ""explanation"": ""Correctly links 'apr\u0101ptitv\u0101d' (kh\u00f4ng c\u00f3 s\u1edf \u0111\u1eafc) as the reason for the Bodhisattva's state. Follows the structure of the source text elegantly.""}"
"na jñānam, na prāptir na-aprāptiḥ.",12f6943e-62b8-4788-8850-7c03c1a89a93,"Vô trí diệc vô đắc, dĩ vô sở đắc cố.","Không có trí cũng không có đắc, vì không có sở đắc.",Heart Sutra (Budsas),"{""item"":8,""translation"":""Không có tri thức, không có đạt được, không có không đạt được.""}","{""accuracy"": 4, ""fluency"": 3, ""explanation"": ""Accurate literal translation of 'na j\u00f1\u0101nam, na pr\u0101ptir', but lacks the formal 'v\u00f4 tr\u00ed di\u1ec7c v\u00f4 \u0111\u1eafc' register. Uses modern secular term 'tri th\u1ee9c'.""}","Không có tri thức, không có đạt được, không có không đạt được.","{""accuracy"": 3, ""fluency"": 3, ""explanation"": ""Literal translation is accurate but uses secular terms ('tri th\u1ee9c') instead of Buddhist terms ('tr\u00ed'). Does not flow like a sutra.""}","Không có kiến thức, không có đạt được, không có không đạt được.","{""accuracy"": 2, ""fluency"": 2, ""explanation"": ""Translating 'j\u00f1\u0101nam' as 'ki\u1ebfn th\u1ee9c' (secular knowledge) is a major register error; it should be 'tr\u00ed' (wisdom/gnosis). The structure is repetitive and non-liturgical.""}","Không có kiến thức, không có đạt được, không có không đạt được.","{""accuracy"": 3, ""fluency"": 3, ""explanation"": ""Uses 'ki\u1ebfn th\u1ee9c' (knowledge) for 'j\u00f1\u0101nam' instead of the Buddhist term 'tr\u00ed'. The phrasing is modern and lacks the 'v\u0103n kinh' register.""}","không có trí, không có đạt được, không không đạt được","{""accuracy"": 3, ""fluency"": 3, ""explanation"": ""'Kh\u00f4ng kh\u00f4ng \u0111\u1ea1t \u0111\u01b0\u1ee3c' is confusing Vietnamese for 'na-apr\u0101pti\u1e25' (v\u00f4 \u0111\u1eafc). It lacks the clarity of the reference 'v\u00f4 s\u1edf \u0111\u1eafc'.""}","Không có trí tuệ, không có chứng đắc, không có không chứng đắc","{""accuracy"": 5, ""fluency"": 4, ""explanation"": ""Accurate rendering of 'na-apr\u0101pti' (kh\u00f4ng c\u00f3 kh\u00f4ng ch\u1ee9ng \u0111\u1eafc), which is often omitted in Chinese-derived versions.""}","{""item"":8,""translation"":""Không có tri thức, không có đạt được, cũng không có không đạt được.""}","{""accuracy"": 3, ""fluency"": 3, ""explanation"": ""'Tri th\u1ee9c' (knowledge/intellect) is a secular term. In this context, 'j\u00f1\u0101nam' (tr\u00ed) refers to transcendental wisdom or gnosis. The phrasing is slightly colloquial.""}","Không có tri thức, không đạt, không không đạt.","{""accuracy"": 3, ""fluency"": 2, ""explanation"": ""Register is too modern/secular. 'Tri th\u1ee9c' (knowledge/intellect) is not an appropriate substitute for the spiritual 'Tr\u00ed' (j\u00f1\u0101na/wisdom) in this context.""}","Không có trí tuệ, không có chứng đắc, cũng không có không chứng đắc.","{""accuracy"": 5, ""fluency"": 4, ""explanation"": ""Accurately reflects the negation 'na... na...' including the 'na-apr\u0101pti' (kh\u00f4ng c\u00f3 kh\u00f4ng ch\u1ee9ng \u0111\u1eafc). Precise and scholarly.""}"
na duhkha-samudaya-nirodha-mārgā.,dd77564a-9617-42ca-99f3-37a9adff8f72,"Vô khổ, tập, diệt, đạo.","Không có khổ, tập, diệt, đạo.",Heart Sutra (Budsas),"{""item"":9,""translation"":""Không có con đường ngăn chặn sự sinh ra của đau khổ.""}","{""accuracy"": 3, ""fluency"": 2, ""explanation"": ""Correctly identifies the Four Noble Truths but lacks the standard terminology (Kh\u1ed5-T\u1eadp-Di\u1ec7t-\u0110\u1ea1o), using 'ng\u0103n ch\u1eb7n s\u1ef1 sinh ra' for 'nirodha'.""}","Không có khổ, không có nguồn sinh, không có diệt khổ, không có con đường.","{""accuracy"": 4, ""fluency"": 3, ""explanation"": ""Accurately identifies the Four Noble Truths, but 'ngu\u1ed3n sinh' is less standard than 'T\u1eadp'. Register is slightly modern.""}","Không có khổ đau, không có nguồn gốc của khổ đau, không có diệt trừ khổ đau.","{""accuracy"": 3, ""fluency"": 3, ""explanation"": ""Correct meaning for the Four Noble Truths but lacks the concise 'Kh\u1ed5, T\u1eadp, Di\u1ec7t, \u0110\u1ea1o' terminology that is standard in Vietnamese Buddhism.""}",Không có con đường dẫn đến sự giải thoát khỏi khổ đau.,"{""accuracy"": 2, ""fluency"": 2, ""explanation"": ""Fails to identify the Four Noble Truths (Kh\u1ed5, T\u1eadp, Di\u1ec7t, \u0110\u1ea1o). Translating the list as a single phrase about 'con \u0111\u01b0\u1eddng gi\u1ea3i tho\u00e1t' is doctrinally incomplete.""}","không có khổ, tập, diệt, đạo","{""accuracy"": 5, ""fluency"": 4, ""explanation"": ""Correctly identifies the Four Noble Truths (Kh\u1ed5, T\u1eadp, Di\u1ec7t, \u0110\u1ea1o). Simple and accurate.""}","Không có khổ, tập, diệt, đạo","{""accuracy"": 5, ""fluency"": 5, ""explanation"": ""Standard and precise translation of the Four Noble Truths.""}","{""item"":9,""translation"":""Không có khổ, tập, diệt, đạo.""}","{""accuracy"": 5, ""fluency"": 5, ""explanation"": ""Perfectly accurate and matches the standard Vietnamese terminology for the Four Noble Truths.""}","Không khổ, không tập, không diệt, không đạo.","{""accuracy"": 4, ""fluency"": 4, ""explanation"": ""Direct and accurate representation of the Four Noble Truths negation, though lacks the rhythmic flow of the H\u00e1n-Vi\u1ec7t version.""}","Không có khổ, tập, diệt, đạo.","{""accuracy"": 5, ""fluency"": 4, ""explanation"": ""Standard and correct translation of the Four Noble Truths (Kh\u1ed5, T\u1eadp, Di\u1ec7t, \u0110\u1ea1o).""}"
na-avidyā na-avidyā-kṣayo yāvan na jarā-maraṇam na jarā-maraṇa-kṣayo.,5d5d98b0-bcf8-4cb7-add7-77ece737a91a,"Vô vô minh, diệc vô vô minh tận, nãi chí vô lão tử, diệc vô lão tử tận.","Không có vô minh, mà cũng không có hết vô minh. Không có già chết, mà cũng không có hết già chết.",Heart Sutra (Budsas),"{""item"":10,""translation"":""Không có vô minh, không có phần vô minh, không có sự chết, không có phần chết.""}","{""accuracy"": 2, ""fluency"": 2, ""explanation"": ""Mistranslates '-k\u1e63ayo' (exhaustion/end) as 'ph\u1ea7n' (part). 'V\u00f4 v\u00f4 minh t\u1eadn' is a key concept lost here.""}","Không có vô minh, không có sự tiêu diệt vô minh, cho đến khi không còn già và chết, không có sự tiêu diệt già và chết.","{""accuracy"": 5, ""fluency"": 4, ""explanation"": ""A very good literal translation of the 12 Links of Dependent Origination negation. Uses standard terms like 'v\u00f4 minh' and 'gi\u00e0 v\u00e0 ch\u1ebft'.""}","Không có vô minh, không có sự diệt trừ của vô minh, cho đến không có già chết, không có sự diệt trừ của già chết.","{""accuracy"": 5, ""fluency"": 4, ""explanation"": ""Accurate rendering of the 12 Links of Dependent Origination negation. Uses standard terms like 'v\u00f4 minh' and 'gi\u00e0 ch\u1ebft'.""}","Không có sự nguội, không có sự tiêu tan của sự nguội, cho đến khi không còn già và chết.","{""accuracy"": 1, ""fluency"": 1, ""explanation"": ""Severe error: translates 'avidy\u0101' (ignorance/v\u00f4 minh) as 's\u1ef1 ngu\u1ed9i' (coolness/coldness), likely confusing it with a different root. Completely loses the meaning of the 12 Links of Dependent Origination.""}","không có vô minh, không có sự diệt trừ của vô minh, cho đến không có già chết, không có sự diệt trừ của già chết","{""accuracy"": 4, ""fluency"": 4, ""explanation"": ""Accurate translation of the chain of Dependent Origination. 'S\u1ef1 di\u1ec7t tr\u1eeb' is a fair translation of 'k\u1e63ayo' (t\u1eadn).""}","Không có vô minh, không có sự diệt vô minh, cho đến không có già chết, không có sự diệt già chết","{""accuracy"": 5, ""fluency"": 5, ""explanation"": ""Correctly handles the chain of negation for the 12 links of dependent origination. Fluent register.""}","{""item"":10,""translation"":""Không có vô minh, cũng không có sự diệt của vô minh, cho đến không có già và chết, cũng không có sự diệt của già và chết.""}","{""accuracy"": 5, ""fluency"": 4, ""explanation"": ""Accurately captures the chain of Dependent Origination (Nidanas). 'S\u1ef1 di\u1ec7t' is a standard translation for 'k\u1e63ayo'.""}","Không vô minh, không vô minh diệt, cho đến không già chết, không già chết diệt.","{""accuracy"": 4, ""fluency"": 4, ""explanation"": ""Correctly identifies the negation of the 12 links of dependent origination. Phrasing is clear and professional.""}","Không có vô minh, cũng không có hết vô minh; cho đến không có già chết, cũng không có hết già chết.","{""accuracy"": 5, ""fluency"": 5, ""explanation"": ""Accurately translates the negation of the 12 links of dependent origination. Uses 'h\u1ebft' for 'k\u1e63ayo' (extinction/exhaustion), which is clear and doctrinally sound.""}"
na cakṣūr-dhātur yāvan na manovijñāna-dhātuḥ.,9112c546-bcb9-4eaf-bd8e-72c317165982,vô nhãn giới nãi chí vô ý thức giới.,Không có nhãn giới cho đến không có ý thức giới.,Heart Sutra (Budsas),"{""item"":11,""translation"":""Không có cơ quan thị giác, không có cơ quan nhận thức tâm.""}","{""accuracy"": 3, ""fluency"": 2, ""explanation"": ""Translates 'dh\u0101tu' (element/realm) as 'c\u01a1 quan' (organ/agency), which is a physiological rather than Buddhist philosophical rendering.""}",Không có yếu tố mắt cho đến khi không có yếu tố ý thức tâm.,"{""accuracy"": 3, ""fluency"": 2, ""explanation"": ""Translates 'dh\u0101tu' as 'y\u1ebfu t\u1ed1' (element) which is technically correct but 'gi\u1edbi' is the standard Buddhist term. '\u00dd th\u1ee9c t\u00e2m' is redundant.""}","Không có xứ của mắt, cho đến không có xứ của ý thức.","{""accuracy"": 3, ""fluency"": 3, ""explanation"": ""Translates 'dh\u0101tu' as 'x\u1ee9' (ayatanas), which is technically a different classification in Abhidharma. Should be 'gi\u1edbi' (elements/realms).""}","Không có mắt, không có tâm trí.","{""accuracy"": 2, ""fluency"": 2, ""explanation"": ""Oversimplifies the 18 Dh\u0101tus (Elements). 'T\u00e2m tr\u00ed' is too generic for '\u00fd th\u1ee9c gi\u1edbi'. 'Kh\u00f4ng c\u00f3 m\u1eaft' is too literal for 'nh\u00e3n gi\u1edbi'.""}","không có giới của mắt, cho đến không có giới của thức","{""accuracy"": 4, ""fluency"": 4, ""explanation"": ""Correctly translates the 18 realms (dh\u0101tu) phrasing. 'Gi\u1edbi c\u1ee7a th\u1ee9c' is a bit vague compared to '\u00fd th\u1ee9c gi\u1edbi' but accurate.""}","Không có nhãn giới, cho đến không có ý thức giới","{""accuracy"": 5, ""fluency"": 5, ""explanation"": ""Perfectly accurate use of Buddhist technical terms 'nh\u00e3n gi\u1edbi' and '\u00fd th\u1ee9c gi\u1edbi'.""}","{""item"":11,""translation"":""Không có giới cảnh mắt, cho đến không có giới cảnh ý thức.""}","{""accuracy"": 4, ""fluency"": 3, ""explanation"": ""Accurate, but 'gi\u1edbi c\u1ea3nh m\u1eaft' is an unusual phrasing for 'nh\u00e3n gi\u1edbi'. Usually, 'nh\u00e3n gi\u1edbi' is kept as a technical term or simplified to 'c\u00f5i m\u1eaft'.""}",Không nhãn giới cho đến không ý thức giới.,"{""accuracy"": 5, ""fluency"": 4, ""explanation"": ""Accurate terminology for the 'dh\u0101tus' (gi\u1edbi). Flows well in a modern Vietnamese Buddhist context.""}","Không có nhãn giới, cho đến không có ý thức giới.","{""accuracy"": 5, ""fluency"": 4, ""explanation"": ""Correct technical use of 'nh\u00e3n gi\u1edbi' and '\u00fd th\u1ee9c gi\u1edbi' to represent the 18 dh\u0101tus.""}"
na rūpa-śabda-gandha-rasa-spraṣṭavya-dharmāḥ.,96901039-eb7c-4a81-93c1-4dc70340c284,"vô sắc thanh hương vị xúc pháp,","Không có sắc, thanh, hương vị, xúc pháp.",Heart Sutra (Budsas),"{""item"":12,""translation"":""Không có hình dạng, âm thanh, mùi, vị, cảm giác, sự rõ ràng, các pháp.""}","{""accuracy"": 3, ""fluency"": 2, ""explanation"": ""Translates 'spra\u1e63\u1e6davya' as 'c\u1ea3m gi\u00e1c' and 'dharm\u0101\u1e25' as 's\u1ef1 r\u00f5 r\u00e0ng, c\u00e1c ph\u00e1p'. 'C\u1ea3m gi\u00e1c' is usually reserved for 'vedan\u0101'. Register is modern.""}","Không có hình, âm, thơm, vị, xúc, hay pháp có thể cảm nhận.","{""accuracy"": 4, ""fluency"": 3, ""explanation"": ""Accurate, but 'h\u00ecnh, \u00e2m, th\u01a1m' are colloquial compared to 'S\u1eafc, thanh, h\u01b0\u01a1ng'.""}","Không có hình, âm thanh, mùi, vị, xúc.","{""accuracy"": 3, ""fluency"": 2, ""explanation"": ""Missing the sixth object 'dharm\u0101' (ph\u00e1p). Translating 'r\u016bpa' as 'h\u00ecnh' (shape) is too narrow; 's\u1eafc' is the standard term.""}","Không có hình sắc, không có âm thanh, không có mùi, không có vị, không có xúc giác.","{""accuracy"": 4, ""fluency"": 3, ""explanation"": ""Accurate in meaning but uses 'x\u00fac gi\u00e1c' (modern/biological) instead of the traditional 'x\u00fac' and 'ph\u00e1p'. The register is more like a textbook than a sutra.""}","không có sắc, thanh, hương, vị, xúc, pháp","{""accuracy"": 5, ""fluency"": 5, ""explanation"": ""Perfectly captures the six sense objects. Matches the register of established masters.""}","Không có sắc, thanh, hương, vị, xúc, pháp","{""accuracy"": 5, ""fluency"": 5, ""explanation"": ""Standard translation of the six objects (six dusts).""}","{""item"":12,""translation"":""Không có sắc, âm thanh, mùi, vị, xúc, pháp.""}","{""accuracy"": 5, ""fluency"": 5, ""explanation"": ""Standard and correct translation of the six sense objects (ayatanas).""}","Không sắc, không thanh, không hương, không vị, không xúc, không pháp.","{""accuracy"": 5, ""fluency"": 4, ""explanation"": ""Accurate translation of the six sense objects (s\u1eafc, thanh, h\u01b0\u01a1ng, v\u1ecb, x\u00fac, ph\u00e1p).""}","Không có sắc, thanh, hương, vị, xúc, pháp.","{""accuracy"": 5, ""fluency"": 5, ""explanation"": ""Perfectly lists the six objects (ayatanas) in standard Vietnamese Buddhist vocabulary.""}"
na cakṣuḥ-śrotra-ghrāna-jihvā-kāya-manāṃsi.,072123bc-7611-45c1-a9d7-25194231df2b,"Vô nhãn nhĩ tỷ thiệt thân ý,","Không có mắt, tai, mũi, lưỡi, thân ý.",Heart Sutra (Budsas),"{""item"":13,""translation"":""Không có mắt, tai, mũi, lưỡi, cơ thể, tâm.""}","{""accuracy"": 4, ""fluency"": 3, ""explanation"": ""Accurately lists the six sense bases, though 'c\u01a1 th\u1ec3' and 't\u00e2m' are modern terms for the traditional 'th\u00e2n' and '\u00fd'.""}","Không có mắt, tai, mũi, lưỡi, thân, tâm.","{""accuracy"": 4, ""fluency"": 4, ""explanation"": ""Accurate and clear translation of the six sense organs (l\u1ee5c c\u0103n).""}","Không có mắt, tai, mũi, lưỡi, thân, ý.","{""accuracy"": 5, ""fluency"": 4, ""explanation"": ""Simple and accurate translation of the six sense organs. Matches the meaning perfectly.""}","Không có mắt, không có tai, không có mũi, không có lưỡi, không có thân, không có tâm trí.","{""accuracy"": 3, ""fluency"": 3, ""explanation"": ""Accurate list, but uses 't\u00e2m tr\u00ed' for 'manas' and lacks the rhythmic flow and formal terminology of standard Vietnamese sutra translations.""}","không có mắt, tai, mũi, lưỡi, thân, ý","{""accuracy"": 5, ""fluency"": 5, ""explanation"": ""Perfectly captures the six sense organs in natural Vietnamese sutra style.""}","Không có nhãn, nhĩ, tỷ, thiệt, thân, ý","{""accuracy"": 5, ""fluency"": 5, ""explanation"": ""Standard translation of the six sense organs.""}","{""item"":13,""translation"":""Không có mắt, tai, mũi, lưỡi, thân, ý.""}","{""accuracy"": 5, ""fluency"": 5, ""explanation"": ""Standard and correct translation of the six sense organs (indriyas).""}","Không mắt, không tai, không mũi, không lưỡi, không thân, không ý.","{""accuracy"": 5, ""fluency"": 4, ""explanation"": ""Accurate translation of the six sense organs (nh\u00e3n, nh\u0129, t\u1ef7, thi\u1ec7t, th\u00e2n, \u00fd).""}","Không có mắt, tai, mũi, lưỡi, thân, ý.","{""accuracy"": 5, ""fluency"": 5, ""explanation"": ""Standard translation of the six sense organs. Simple and accurate.""}"
tasmāc chāriputra śūnyatayāṃ na rūpaṃ na vedanā na saṃjñā na saṃskārāḥ na vijñānam.,cc9079d6-f20b-42ad-a8a5-e1ac2264f6cb,"Thị cố không trung vô sắc, vô thọ tưởng hành thức.","Cho nên trong cái không đó, nó không có sắc, không thọ tưởng hành thức.",Heart Sutra (Budsas),"{""item"":14,""translation"":""Vì vậy, Chāriputra, trong sự rỗng, không có hình dạng, không có cảm giác, không có nhận thức, không có hình thức, không có tri thức.""}","{""accuracy"": 3, ""fluency"": 2, ""explanation"": ""Translates '\u015b\u016bnyatay\u0101\u1e43' (emptiness) as 's\u1ef1 r\u1ed7ng', which lacks the doctrinal weight of 'T\u00ednh Kh\u00f4ng'. 'Sa\u1e43sk\u0101r\u0101\u1e25' (formations) translated as 'h\u00ecnh th\u1ee9c' is vague.""}","Vì vậy, thưa Thế Tôn, trong không tính không có hình, không có cảm thọ, không có nhận biết, không có thói, không có tri giác.","{""accuracy"": 2, ""fluency"": 2, ""explanation"": ""Mistranslates '\u015a\u0101riputra' as 'Th\u1ebf T\u00f4n' again. 'Th\u00f3i' is an incorrect/casual term for 'Sa\u1e43sk\u0101ra' (H\u00e0nh). 'Tri gi\u00e1c' for 'Vij\u00f1\u0101na' (Th\u1ee9c) is acceptable but less standard than 'T\u00e2m th\u1ee9c'.""}","Vì vậy, này Cháriputra, trong tánh không, không có hình, cảm thọ, tưởng, hành, thức.","{""accuracy"": 3, ""fluency"": 3, ""explanation"": ""Again, uses 'h\u00ecnh' for 'r\u016bpa' instead of 's\u1eafc'. The flow is acceptable but the vocabulary choice for the Five Aggregates is inconsistent with tradition.""}","Vì vậy, con trai của tôi, trong không gian, không có hình sắc, không có cảm giác, không có nhận thức, không có cấu tạo.","{""accuracy"": 2, ""fluency"": 2, ""explanation"": ""Repeats the error of addressing Sariputra as 'con trai c\u1ee7a t\u00f4i'. Translates '\u015b\u016bnyatay\u0101\u1e43' as 'kh\u00f4ng gian' (physical space/outer space) instead of 'Kh\u00f4ng' (Emptiness).""}","vì vậy, Xá-lợi-phất, trong tính không, không có sắc, không có thọ, không có tưởng, không có hành, không có thức","{""accuracy"": 5, ""fluency"": 5, ""explanation"": ""Excellent translation of the Five Aggregates (ng\u0169 u\u1ea9n) within the context of Emptiness. High register.""}","Vì vậy, này Xá Lợi Phất, trong tính Không, không có sắc, không có thọ, tưởng, hành, thức","{""accuracy"": 5, ""fluency"": 4, ""explanation"": ""Accurate and clear. Matches the philosophical structure of the five aggregates in Emptiness.""}","{""item"":14,""translation"":""Vì vậy, này Xá-lợi-phất, trong không tướng, không có sắc, không có thọ, không có tưởng, không có hành, không có thức.""}","{""accuracy"": 5, ""fluency"": 4, ""explanation"": ""Correctly identifies '\u015b\u016bnyatay\u0101\u1e43' as 'trong kh\u00f4ng t\u01b0\u1edbng' (or t\u00ednh kh\u00f4ng) and lists the five aggregates correctly.""}","Vì vậy, Ưu-bà-tắc, trong Không, không sắc, không thọ, không tưởng, không hành, không thức.","{""accuracy"": 2, ""fluency"": 2, ""explanation"": ""Repeats the error of calling '\u015a\u0101riputra' an '\u01afu-b\u00e0-t\u1eafc'. 'Trong Kh\u00f4ng' is a bit literal/stilted compared to 'Kh\u00f4ng trung'.""}","Thế nên này Xá Lợi Phất, trong tính Không, không có sắc, không có thụ, không có tưởng, không có hành, không có thức.","{""accuracy"": 5, ""fluency"": 5, ""explanation"": ""Uses 't\u00ednh Kh\u00f4ng' for '\u015b\u016bnyatay\u0101\u1e43' and correctly lists the five aggregates (skandhas) using standard terms.""}"
"iha śāriputra: sarva-dharmāḥ śūnyatā-lakṣaṇā, anutpannā aniruddhā, amalā avimalā, anūnā aparipūrṇāḥ.",c89739d1-539b-4ffb-aece-619f7b93d9c9,"Xá Lợi Tử, thị chư pháp không tướng, bất sanh bất diệt, bất cấu bất tịnh, bất tăng bất giảm.","Này Xá Lợi Tử, tướng không của các pháp ấy chẳng sinh chẳng diệt, chẳng nhơ chẳng sạch, chẳng thêm chẳng bớt.",Heart Sutra (Budsas),"{""item"":15,""translation"":""Ở đây, Chāriputra: mọi pháp đều có đặc tính rỗng, không sinh ra, không bị ngăn cản, không có bẩn, không có sạch, không có nguyên, không có hoàn hảo.""}","{""accuracy"": 3, ""fluency"": 2, ""explanation"": ""Lacks the poetic rhythm of 'b\u1ea5t sanh b\u1ea5t di\u1ec7t'. 'Aniruddh\u0101' is rendered as 'kh\u00f4ng b\u1ecb ng\u0103n c\u1ea3n', which is a literal but non-Buddhist interpretation of 'non-ceasing'.""}","Ở đây, Thế Tôn: mọi pháp đều là dấu hiệu của không tính, không sinh, không chấp, tinh khiết, không tì vết, vô hạn, chưa hoàn thiện.","{""accuracy"": 2, ""fluency"": 2, ""explanation"": ""Confuses '\u015a\u0101riputra' with 'Th\u1ebf T\u00f4n'. 'D\u1ea5u hi\u1ec7u' (lak\u1e63a\u1e47\u0101) should be 'T\u01b0\u1edbng'. 'Kh\u00f4ng ch\u1ea5p' is a mistranslation of 'aniruddh\u0101' (unstopped/non-extinction). 'V\u00f4 h\u1ea1n' and 'ch\u01b0a ho\u00e0n thi\u1ec7n' are incorrect for 'non-increase' and 'non-decrease'.""}","Này Cháriputra, tất cả pháp đều có tướng tánh không, không sinh, không diệt, không nhiễm, không sạch, không tăng, không giảm.","{""accuracy"": 4, ""fluency"": 4, ""explanation"": ""Good use of 't\u01b0\u1edbng t\u00e1nh kh\u00f4ng'. 'Nhi\u1ec5m/s\u1ea1ch' is a valid alternative to 'c\u1ea5u/t\u1ecbnh'. Very clear.""}","Vậy, con trai của tôi, tất cả các pháp đều có đặc tính của không, không sinh, không diệt, không bẩn, không nhiễm, không đầy đủ.","{""accuracy"": 3, ""fluency"": 2, ""explanation"": ""Translates 'amal\u0101 avimal\u0101' (not stained, not pure) as 'kh\u00f4ng b\u1ea9n, kh\u00f4ng nhi\u1ec5m' (both meaning dirty). Misses the 'b\u1ea5t t\u0103ng b\u1ea5t gi\u1ea3m' nuance by just saying 'kh\u00f4ng \u0111\u1ea7y \u0111\u1ee7'.""}","ở đây, Xá-lợi-phất, tất cả các pháp đều có dấu hiệu của tính không, không sinh, không diệt, không dơ, không trong, không tăng, không giảm","{""accuracy"": 4, ""fluency"": 4, ""explanation"": ""Good translation of 'lak\u1e63a\u1e47a' as 'd\u1ea5u hi\u1ec7u' (though 't\u01b0\u1edbng' is preferred). 'Kh\u00f4ng d\u01a1, kh\u00f4ng trong' is a valid modern equivalent of 'b\u1ea5t c\u1ea5u b\u1ea5t t\u1ecbnh'.""}","Này Xá Lợi Phất, tất cả pháp đều có tướng Không, không sinh, không diệt, không nhiễm, không tịnh, không tăng, không giảm","{""accuracy"": 5, ""fluency"": 4, ""explanation"": ""Accurate. Uses 'nhi\u1ec5m' for 'amala' which is a valid alternative to 'c\u1ea5u'.""}","{""item"":15,""translation"":""Ở đây, này Xá-lợi-phất: Tất cả pháp đều có tướng không, không sinh, không diệt, không bẩn, không sạch, không thiếu, không đủ.""}","{""accuracy"": 5, ""fluency"": 4, ""explanation"": ""Very accurate. 'Kh\u00f4ng b\u1ea9n, kh\u00f4ng s\u1ea1ch' is a good vernacular translation of 'amal\u0101 avimal\u0101', though 'b\u1ea5t c\u1ea5u b\u1ea5t t\u1ecbnh' has a higher sutra register.""}","Ở đây, Xá-lợi-phất, tất cả pháp đều Không tính, không sinh không diệt, không nhiễm không thanh tịnh, không tăng không giảm.","{""accuracy"": 5, ""fluency"": 4, ""explanation"": ""Very strong. Correctly translates 'Kh\u00f4ng t\u00ednh' (\u015b\u016bnyat\u0101-lak\u1e63a\u1e47\u0101) and the list of negations with appropriate register.""}","Này Xá Lợi Phất, các pháp đều có tướng Không: không sinh không diệt, không dơ không sạch, không bớt không thêm.","{""accuracy"": 5, ""fluency"": 5, ""explanation"": ""Expertly captures the list of negations. 'T\u01b0\u1edbng Kh\u00f4ng' is the exact equivalent for '\u015b\u016bnyat\u0101-lak\u1e63a\u1e47\u0101'.""}"
evam eva vedanā saṃjñā saṃskāra vijñānaṃ.,340d465f-5ddb-4c3b-8ada-c96595dec6b8,thọ tưởng hành thức diệc phục như thị.,thọ tưởng hành thức cũng đều như thế.,Heart Sutra (Budsas),"{""item"":16,""translation"":""Đó là cảm giác, nhận thức, hình thức, tri thức.""}","{""accuracy"": 3, ""fluency"": 2, ""explanation"": ""Correct items (skandhas), but uses modern secular terminology ('tri th\u1ee9c' for consciousness) and lacks the formal comparative 'di\u1ec7c ph\u1ee5c nh\u01b0 th\u1ecb'.""}","Thế là, cảm thọ, nhận biết, thói và tri giác.","{""accuracy"": 3, ""fluency"": 2, ""explanation"": ""Grammatically incomplete in Vietnamese. Re-uses the weak term 'th\u00f3i' for 'Sa\u1e43sk\u0101ra'.""}","Cũng vậy, cảm thọ, tưởng, hành, thức.","{""accuracy"": 5, ""fluency"": 4, ""explanation"": ""Simple and accurate. A direct and correct translation of the text.""}","Vậy, con trai của tôi, cảm giác, nhận thức, cấu tạo, tâm trí.","{""accuracy"": 2, ""fluency"": 2, ""explanation"": ""Adds 'con trai c\u1ee7a t\u00f4i' which is not in the source phrase 'evam eva'. Uses modern terms like 'c\u1ea5u t\u1ea1o' for 'sa\u1e43sk\u0101ra' (H\u00e0nh) and 't\u00e2m tr\u00ed' for 'vij\u00f1\u0101na' (Th\u1ee9c).""}","cũng vậy, thọ, tưởng, hành, thức","{""accuracy"": 5, ""fluency"": 4, ""explanation"": ""Direct and accurate translation of the remaining four aggregates.""}","Thọ, tưởng, hành, thức cũng lại như vậy","{""accuracy"": 5, ""fluency"": 5, ""explanation"": ""Standard and elegant liturgical phrasing.""}","{""item"":16,""translation"":""Cũng vậy, thọ, tưởng, hành, thức.""}","{""accuracy"": 5, ""fluency"": 4, ""explanation"": ""Simple and accurate. Matches the logic of the source text perfectly.""}","Cả thọ, tưởng, hành, thức cũng vậy.","{""accuracy"": 5, ""fluency"": 4, ""explanation"": ""Simple and accurate. Effectively captures 'evam eva' as 'c\u0169ng v\u1eady'.""}","Thụ, tưởng, hành, thức cũng đều như vậy.","{""accuracy"": 5, ""fluency"": 5, ""explanation"": ""Short, accurate, and maintains the rhythmic flow of the sutra.""}"
iha śāriputra: rūpaṃ śūnyatā śūnyataiva rūpaṃ; rūpān na pṛthak śūnyatā śunyatāyā na pṛthag rūpaṃ; yad rūpaṃ sā śūnyatā; ya śūnyatā tad rūpaṃ.,8650fc03-43e1-46df-8543-0e0f16c6b62a,"Xá Lợi Tử, sắc bất dị không, không bất dị sắc, sắc tức thị không, không tức thị sắc,","Này Xá Lợi Tử, sắc chẳng khác gì không, không chẳng khác gì sắc, sắc chính là không, không chính là sắc,",Heart Sutra (Budsas),"{""item"":17,""translation"":""Ở đây, Chāriputra: hình dạng là rỗng, rỗng là hình dạng; hình dạng không riêng biệt là rỗng, rỗng không riêng biệt là hình dạng; nếu là hình dạng thì là rỗng; nếu là rỗng thì là hình dạng.""}","{""accuracy"": 3, ""fluency"": 3, ""explanation"": ""Captures the logic of 'form is emptiness', but 'h\u00ecnh d\u1ea1ng' and 'r\u1ed7ng' are too colloquial for 's\u1eafc' and 'kh\u00f4ng'.""}","Ở đây, Thế Tôn: hình là không tính, không tính là hình; hình không tách rời khỏi không tính, không tính không tách rời khỏi hình; mọi gì là hình đều là không tính; mọi gì là không tính đều là hình.","{""accuracy"": 4, ""fluency"": 3, ""explanation"": ""Meaning is doctrinally correct, but the repetition of 'm\u1ecdi g\u00ec l\u00e0...' makes it sound like a logic textbook rather than the rhythmic 'S\u1eafc t\u1ee9c th\u1ecb Kh\u00f4ng' of the sutra.""}","Này Cháriputra: Hình là tánh không, tánh không chính là hình; hình không khác tánh không, tánh không không khác hình; hình tức là tánh không, tánh không tức là hình.","{""accuracy"": 4, ""fluency"": 3, ""explanation"": ""The core logic is perfect, but 'H\u00ecnh' remains a poor choice for 'R\u016bpa' compared to the evocative 'S\u1eafc'. It sounds more like geometry than metaphysics.""}","Vậy, con trai của tôi, hình sắc là không, không là hình sắc; không có hình sắc riêng biệt, không có không riêng biệt.","{""accuracy"": 3, ""fluency"": 2, ""explanation"": ""Captures the core logic but the Vietnamese is repetitive and lacks the poetic economy of the standard 'S\u1eafc t\u1ee9c th\u1ecb Kh\u00f4ng'. Addressing Sariputra as 'con trai' is again incorrect.""}","ở đây, Xá-lợi-phất, sắc tức là tính không, tính không tức là sắc; sắc không riêng, tính không không riêng; sắc nào tính không ấy, tính không nào sắc ấy","{""accuracy"": 3, ""fluency"": 3, ""explanation"": ""Meaning is mostly there, but 's\u1eafc kh\u00f4ng ri\u00eang' is a clunky way to translate 'r\u016bp\u0101n na p\u1e5bthak' (s\u1eafc b\u1ea5t d\u1ecb kh\u00f4ng). 'S\u1eafc n\u00e0o t\u00ednh kh\u00f4ng \u1ea5y' is slightly colloquial.""}","Này Xá Lợi Phất, sắc tức là Không, Không tức là sắc, sắc không khác Không, Không không khác sắc, cái gì là sắc thì đó là Không, cái gì là Không thì đó là sắc","{""accuracy"": 5, ""fluency"": 4, ""explanation"": ""Follows the Sanskrit structure closely. Very clear, though slightly less rhythmic than the Han-Viet version.""}","{""item"":17,""translation"":""Ở đây, này Xá-lợi-phất: sắc là không, không chính là sắc; không tách rời sắc có không, không tách rời không có sắc; cái gì là sắc, đó là không; cái gì là không, đó là sắc.""}","{""accuracy"": 5, ""fluency"": 4, ""explanation"": ""Excellent rendering of the complex Sanskrit 'na p\u1e5bthak' (kh\u00f4ng t\u00e1ch r\u1eddi/kh\u00f4ng kh\u00e1c). It maintains the philosophical depth of the Heart Sutra.""}","Ở đây, Xá-lợi-phất: Sắc là Không, Không chính là Sắc; Sắc không tách rời khỏi Không, Không không tách rời khỏi Sắc; Sắc là Không, Không là Sắc.","{""accuracy"": 4, ""fluency"": 4, ""explanation"": ""Good accuracy, though the repetition of 'S\u1eafc l\u00e0 Kh\u00f4ng' twice reflects the source but lacks the specific rhythmic nuance of 'S\u1eafc t\u1ee9c th\u1ecb Kh\u00f4ng'.""}","Này Xá Lợi Phất, sắc chẳng khác Không, Không chẳng khác sắc; sắc tức là Không, Không tức là sắc; thụ, tưởng, hành, thức cũng lại như thế.","{""accuracy"": 5, ""fluency"": 4, ""explanation"": ""Very accurate. Note that the candidate adds the other four aggregates at the end (not in this specific Sanskrit verse but present in the overall context), which aligns with standard liturgical versions.""}"
ārya-avalokiteśvaro bodhisattvo gambhīrāṃ prajñāpāramitā caryāṃ caramāṇo vyavalokayati sma: pañca-skandhās tāṃś ca svabhāva śūnyān paśyati sma.,2b7a49e7-ab7e-4386-829d-58dd77dce18c,"Quán Tự Tại Bồ Tát hành thâm Bát nhã Ba la mật đa thời, chiếu kiến ngũ uẩn giai không, độ nhất thiết khổ ách.","Ngài Bồ Tát Quán Tự Tại khi thực hành thâm sâu về trí tuệ Bát Nhã Ba la mật, thì soi thấy năm uẩn đều là không, do đó vượt qua mọi khổ đau ách nạn.",Heart Sutra (Budsas),"{""item"":18,""translation"":""Bodhisattva Árya-avalokiteśvara, người sâu sắc, thực hành Prajñāpāramitā, tôi đã quan sát: trong năm bộ phận, cũng như tính chất của chúng là rỗng.""}","{""accuracy"": 2, ""fluency"": 1, ""explanation"": ""Confuses the speaker ('t\u00f4i \u0111\u00e3 quan s\u00e1t') and translates 'pa\u00f1ca-skandh\u0101s' (five aggregates) as 'n\u0103m b\u1ed9 ph\u1eadn' (five parts). Extremely clunky Vietnamese syntax.""}","Bồ Tát Avalokiteshvara cao quý, đang tu hành sâu sắc Bát Nhã, đã quan sát: năm uẩn và bản chất của chúng là không tính.","{""accuracy"": 4, ""fluency"": 4, ""explanation"": ""Good translation. Maintains the Sanskrit name 'Avalokiteshvara' which is acceptable, though 'Qu\u00e1n T\u1ef1 T\u1ea1i' is the Vietnamese standard. Correctly identifies the emptiness of the five skandhas.""}","Bồ-tát Avalokiteśvara, trong khi hành trì thâm sâu Prajñāpāramitā, quán chiếu rằng năm uẩn đều không có tự tánh.","{""accuracy"": 4, ""fluency"": 4, ""explanation"": ""Well-rendered. 'N\u0103m u\u1ea9n \u0111\u1ec1u kh\u00f4ng c\u00f3 t\u1ef1 t\u00e1nh' is an excellent, doctrinally sound translation of 'pa\u00f1ca-skandh\u0101s... svabh\u0101va \u015b\u016bny\u0101n'.""}","Avalokiteshvara, vị Phật, đang hành trì sâu sắc về Prajñāpāramitā, nhìn thấy rằng năm uẩn đều là không, không có tự tánh.","{""accuracy"": 3, ""fluency"": 3, ""explanation"": ""Incorrectly identifies Avalokiteshvara as a 'v\u1ecb Ph\u1eadt' (Buddha) instead of a 'B\u1ed3 T\u00e1t' (Bodhisattva). Uses 'n\u0103m u\u1ea9n' correctly but phrasing is colloquial.""}","Bồ-tát Quán Thế Âm đang thực hành hạnh sâu Bát-nhã Ba-la-mật-đa, quán sát năm uẩn và thấy chúng đều không có tự tính","{""accuracy"": 4, ""fluency"": 4, ""explanation"": ""Good scholarly translation. Uses 'B\u1ed3-t\u00e1t Qu\u00e1n Th\u1ebf \u00c2m' instead of 'Qu\u00e1n T\u1ef1 T\u1ea1i'. 'Kh\u00f4ng c\u00f3 t\u1ef1 t\u00ednh' (svabh\u0101va \u015b\u016bny\u0101n) is a very accurate philosophical rendering.""}","Quán Tự Tại Bồ Tát khi thực hành sâu Bát Nhã Ba La Mật Đa, thấy rằng năm uẩn đều là Không, không có tự tánh","{""accuracy"": 5, ""fluency"": 4, ""explanation"": ""Excellent translation of 'svabh\u0101va \u015b\u016bny\u0101n' as 'kh\u00f4ng c\u00f3 t\u1ef1 t\u00e1nh', reflecting deeper philosophical accuracy than just 'giai kh\u00f4ng'.""}","{""item"":18,""translation"":""Bồ-tát Quán Tự Tại đang thực hành sâu xa Bát-nhã-ba-la-mật-đa, quán sát thấy rằng: năm uẩn đều không có tự tính.""}","{""accuracy"": 5, ""fluency"": 5, ""explanation"": ""Highly accurate and fluent. 'Kh\u00f4ng c\u00f3 t\u1ef1 t\u00ednh' (svabh\u0101va \u015b\u016bny\u0101n) is the precise scholarly translation of the Sanskrit, whereas the reference 'giai kh\u00f4ng' is a broader summary.""}","Bồ-tát Đại sĩ Đồng Tử, thực hành Bát-nhã Ba-la-mật sâu xa, quán sát năm uẩn đều Không tự tánh.","{""accuracy"": 2, ""fluency"": 2, ""explanation"": ""Mistranslates 'Avalokite\u015bvara' (Qu\u00e1n T\u1ef1 T\u1ea1i) as '\u0110\u1ed3ng T\u1eed' (child/youth). Also '\u0110\u1ea1i s\u0129' is redundant here. Confuses different Bodhisattva names/titles.""}","Bồ-tát Quán Tự Tại khi thực hành sâu xa Bát-nhã Ba-la-mật-đa, soi thấy năm uẩn đều không, liền vượt qua mọi khổ ách.","{""accuracy"": 5, ""fluency"": 5, ""explanation"": ""Matches the high register of recognized masters. 'Soi th\u1ea5y' for 'vyavalokayati' and 'kh\u1ed5 \u00e1ch' for 'du\u1e25kha' are excellent choices.""}"
